"지진해일대피소명","지진해일대피소구분","지진해일대피소유형","지진해일대피소유형구분","소재지도로명주소","소재지지번주소","위도","경도","수용가능면적","최대수용인원수","지진해일대피소운영상태","지진해일대피소전화번호","부대편의시설","주민대피지구명","주민대피지구내가구수","주민대피지구내거주인수","주민대피지구내재해약자수","내진적용여부","내진설계등급","해안선이격거리","해발높이","지진대피안내표지판수","긴급대피장소안내표지판수","지진대피로안내표지판수","관리기관명","관리기관전화번호","데이터기준일자"
"개원초등학교 운동장","지진대피소","옥외대피소","운동장","서울특별시 강남구 선릉로 29","","37.480985","127.058601","12032","3646","Y","02-3423-7653","","별도 지구지정사항 없음","","","","미적용","","","","","","","서울특별시 강남구청","","2018-04-06"
"구룡중학교 운동장","지진대피소","옥외대피소","운동장","서울특별시 강남구 선릉로 103","","37.486153","127.056121","7038","2133","Y","02-3423-7653","","별도 지구지정사항 없음","","","","미적용","","","","","","","서울특별시 강남구청","","2018-04-06"
"개일초등학교 운동장","지진대피소","옥외대피소","운동장","서울특별시 강남구 개포로 401","","37.486213","127.057740","6600","2000","Y","02-3423-7755","","별도 지구지정사항 없음","","","","미적용","","","","","","","서울특별시 강남구청","","2018-04-06"
"개포초등학교 운동장","지진대피소","옥외대피소","운동장","서울특별시 강남구 영동대로3길 45","","37.486501","127.071616","6580","1994","Y","02-3423-7755","","별도 지구지정사항 없음","","","","미적용","","","","","","","서울특별시 강남구청","","2018-04-06"
"양전초등학교 운동장","지진대피소","옥외대피소","운동장","서울특별시 강남구 개포로 513","","37.490284","127.069425","7515","2277","Y","02-3423-7755","","별도 지구지정사항 없음","","","","미적용","","","","","","","서울특별시 강남구청","","2018-04-06"
"개원중학교 운동장","지진대피소","옥외대피소","운동장","서울특별시 강남구 영동대로 101","","37.491639","127.071415","10260","3109","Y","02-3423-7755","","별도 지구지정사항 없음","","","","미적용","","","","","","","서울특별시 강남구청","","2018-04-06"
"개포고등학교 운동장","지진대피소","옥외대피소","운동장","서울특별시 강남구 개포로 402","","37.484916","127.059867","8882","2692","Y","02-3423-7755","","별도 지구지정사항 없음","","","","미적용","","","","","","","서울특별시 강남구청","","2018-04-06"
"경기여자고등학교 운동장","지진대피소","옥외대피소","운동장","서울특별시 강남구 삼성로 29","","37.487669","127.065742","8292","2513","Y","02-3423-7755","","별도 지구지정사항 없음","","","","미적용","","","","","","","서울특별시 강남구청","","2018-04-06"
"수도전기공업고등학교 운동장","지진대피소","옥외대피소","운동장","서울특별시 강남구 개포로 410","","37.486035","127.064771","20800","6303","Y","02-3423-7755","","별도 지구지정사항 없음","","","","미적용","","","","","","","서울특별시 강남구청","","2018-04-06"
"개포서근린공원","지진대피소","옥외대피소","공원","서울특별시 강남구 개포동 180 외 2필지","","37.473865","127.056821","11219","3400","Y","02-3423-7755","","별도 지구지정사항 없음","","","","미적용","","","","","","","서울특별시 강남구청","","2018-04-06"
"개포동근린공원","지진대피소","옥외대피소","공원","서울특별시 강남구 개포동 182-1 외 2필지","","37.489853","127.068428","9706","2941","Y","02-3423-7755","","별도 지구지정사항 없음","","","","미적용","","","","","","","서울특별시 강남구청","","2018-04-06"
"배밭근린공원","지진대피소","옥외대피소","공원","서울특별시 강남구 개포동 181 외 1필지","","37.488750","127.062143","11627","3523","Y","02-3423-7755","","별도 지구지정사항 없음","","","","미적용","","","","","","","서울특별시 강남구청","","2018-04-06"
"학여울근린공원","지진대피소","옥외대피소","공원","서울특별시 강남구 개포동 183-1 외 1필지","","37.491035","127.070000","12506","3790","Y","02-3423-7755","","별도 지구지정사항 없음","","","","미적용","","","","","","","서울특별시 강남구청","","2018-04-06"
"구룡초등학교 운동장","지진대피소","옥외대피소","운동장","서울특별시 강남구 개포로 263","","37.480304","127.052009","12874","3901","Y","02-3423-7856","","별도 지구지정사항 없음","","","","미적용","","","","","","","서울특별시 강남구청","","2018-04-06"
"포이초등학교 운동장","지진대피소","옥외대피소","운동장","서울특별시 강남구 개포로22길 87","","37.475916","127.052511","12279","3721","Y","02-3423-7856","","별도 지구지정사항 없음","","","","미적용","","","","","","","서울특별시 강남구청","","2018-04-06"
"국립국악고등학교 운동장","지진대피소","옥외대피소","운동장","서울특별시 강남구 개포로22길 65","","37.476232","127.051474","1392","422","Y","02-3423-7856","","별도 지구지정사항 없음","","","","미적용","","","","","","","서울특별시 강남구청","","2018-04-06"
"개포은행나무공원","지진대피소","옥외대피소","공원","서울특별시 강남구 개포동 1220","","37.476023","127.049040","1642","498","Y","02-3423-7856","","별도 지구지정사항 없음","","","","미적용","","","","","","","서울특별시 강남구청","","2018-04-06"
"논현초등학교 운동장","지진대피소","옥외대피소","운동장","서울특별시 강남구 강남대로120길 33","","37.507945","127.025809","4640","1406","Y","02-3423-7425","","별도 지구지정사항 없음","","","","미적용","","","","","","","서울특별시 강남구청","","2018-04-06"
"학동근린공원","지진대피소","옥외대피소","공원","서울특별시 강남구 논현동 26","","37.515563","127.025197","29947","9075","Y","02-3423-7425","","별도 지구지정사항 없음","","","","미적용","","","","","","","서울특별시 강남구청","","2018-04-06"
"논현개나리공원","지진대피소","옥외대피소","공원","서울특별시 강남구 논현동 150-5","","37.511295","127.029875","1653","501","Y","02-3423-7425","","별도 지구지정사항 없음","","","","미적용","","","","","","","서울특별시 강남구청","","2018-04-06"
"학동초등학교 운동장","지진대피소","옥외대피소","운동장","서울특별시 강남구 선릉로115길 42","","37.512261","127.039598","6136","1859","Y","02-3423-7505","","별도 지구지정사항 없음","","","","미적용","","","","","","","서울특별시 강남구청","","2018-04-06"
"언북중학교 운동장","지진대피소","옥외대피소","운동장","서울특별시 강남구 도산대로38길 27","","37.519429","127.033127","6444","1953","Y","02-3423-7505","","별도 지구지정사항 없음","","","","미적용","","","","","","","서울특별시 강남구청","","2018-04-06"
"논현소나무공원","지진대피소","옥외대피소","공원","서울특별시 강남구 논현동 239","","37.515430","127.037449","1820","552","Y","02-3423-7505","","별도 지구지정사항 없음","","","","미적용","","","","","","","서울특별시 강남구청","","2018-04-06"
"대치초등학교 운동장","지진대피소","옥외대피소","운동장","서울특별시 강남구 양재천로 363","","37.491277","127.062196","13435","4071","Y","02-3423-8304","","별도 지구지정사항 없음","","","","미적용","","","","","","","서울특별시 강남구청","","2018-04-06"
"단대부속고등학교 운동장","지진대피소","옥외대피소","운동장","서울특별시 강남구 도곡로64길 21","","37.495618","127.057769","7800","2364","Y","02-3423-8304","","별도 지구지정사항 없음","","","","미적용","","","","","","","서울특별시 강남구청","","2018-04-06"
"대청중학교 운동장","지진대피소","옥외대피소","운동장","서울특별시 강남구 양재천로 321","","37.490430","127.058351","8336","2526","Y","02-3423-8304","","별도 지구지정사항 없음","","","","미적용","","","","","","","서울특별시 강남구청","","2018-04-06"
"늘벗근린공원","지진대피소","옥외대피소","공원","서울특별시 강남구 대치동 501","","37.489635","127.057082","19812","6004","Y","02-3423-8304","","별도 지구지정사항 없음","","","","미적용","","","","","","","서울특별시 강남구청","","2018-04-06"
"대곡초등학교 운동장","지진대피소","옥외대피소","운동장","서울특별시 강남구 남부순환로 3022","","37.494233","127.064442","7805","2365","Y","02-3423-8405","","별도 지구지정사항 없음","","","","미적용","","","","","","","서울특별시 강남구청","","2018-04-06"
"대현초등학교 운동장","지진대피소","옥외대피소","운동장","서울특별시 강남구 역삼로98길 16","","37.503721","127.063566","8585","2602","Y","02-3423-8405","","별도 지구지정사항 없음","","","","미적용","","","","","","","서울특별시 강남구청","","2018-04-06"
"대명중학교 운동장","지진대피소","옥외대피소","운동장","서울특별시 강남구 역삼로87길 26","","37.506338","127.060986","5400","1636","Y","02-3423-8405","","별도 지구지정사항 없음","","","","미적용","","","","","","","서울특별시 강남구청","","2018-04-06"
"휘문중학교 운동장","지진대피소","옥외대피소","운동장","서울특별시 강남구 역삼로 541","","37.505244","127.061385","32455","9835","Y","02-3423-8405","","별도 지구지정사항 없음","","","","미적용","","","","","","","서울특별시 강남구청","","2018-04-06"
"휘문고등학교 운동장","지진대피소","옥외대피소","운동장","서울특별시 강남구 역삼로 541","","37.505244","127.061385","32455","9835","Y","02-3423-8405","","별도 지구지정사항 없음","","","","미적용","","","","","","","서울특별시 강남구청","","2018-04-06"
"대치근린공원","지진대피소","옥외대피소","공원","서울특별시 강남구 대치동 512","","37.495138","127.069867","10409","3154","Y","02-3423-8405","","별도 지구지정사항 없음","","","","미적용","","","","","","","서울특별시 강남구청","","2018-04-06"
"도곡초등학교 운동장","지진대피소","옥외대피소","운동장","서울특별시 강남구 선릉로64길 33","","37.499163","127.055205","8080","2448","Y","02-3423-8505","","별도 지구지정사항 없음","","","","미적용","","","","","","","서울특별시 강남구청","","2018-04-06"
"언주초등학교 운동장","지진대피소","옥외대피소","운동장","서울특별시 강남구 남부순환로363길 19","","37.486322","127.036794","9078","2751","Y","02-3423-7456","","별도 지구지정사항 없음","","","","미적용","","","","","","","서울특별시 강남구청","","2018-04-06"
"도곡중학교 운동장","지진대피소","옥외대피소","운동장","서울특별시 강남구 언주로57길 31","","37.492307","127.045218","3200","970","Y","02-3423-7456","","별도 지구지정사항 없음","","","","미적용","","","","","","","서울특별시 강남구청","","2018-04-06"
"은성중학교 운동장","지진대피소","옥외대피소","운동장","서울특별시 강남구 남부순환로359길 36","","37.488380","127.035234","16544","5013","Y","02-3423-7456","","별도 지구지정사항 없음","","","","미적용","","","","","","","서울특별시 강남구청","","2018-04-06"
"은광여자고등학교 운동장","지진대피소","옥외대피소","운동장","서울특별시 강남구 남부순환로359길 36","","37.488380","127.035234","16544","5013","Y","02-3423-7456","","별도 지구지정사항 없음","","","","미적용","","","","","","","서울특별시 강남구청","","2018-04-06"
"대도초등학교 운동장","지진대피소","옥외대피소","운동장","서울특별시 강남구 선릉로 209","","37.492742","127.052871","5587","1693","Y","02-3423-7555","","별도 지구지정사항 없음","","","","미적용","","","","","","","서울특별시 강남구청","","2018-04-06"
"대치중학교 운동장","지진대피소","옥외대피소","운동장","서울특별시 강남구 남부순환로378길 39","","37.484571","127.047061","6852","2076","Y","02-3423-7555","","별도 지구지정사항 없음","","","","미적용","","","","","","","서울특별시 강남구청","","2018-04-06"
"숙명여자고등학교 운동장","지진대피소","옥외대피소","운동장","서울특별시 강남구 남부순환로 2807","","37.490655","127.053873","13170","3991","Y","02-3423-7555","","별도 지구지정사항 없음","","","","미적용","","","","","","","서울특별시 강남구청","","2018-04-06"
"중대부속고등학교 운동장","지진대피소","옥외대피소","운동장","서울특별시 강남구 선릉로 207","","37.491907","127.052113","9107","2760","Y","02-3423-7555","","별도 지구지정사항 없음","","","","미적용","","","","","","","서울특별시 강남구청","","2018-04-06"
"독골근린공원","지진대피소","옥외대피소","공원","서울특별시 강남구 도곡동 461","","37.485097","127.047033","10023","3037","Y","02-3423-7555","","별도 지구지정사항 없음","","","","미적용","","","","","","","서울특별시 강남구청","","2018-04-06"
"도곡목련공원","지진대피소","옥외대피소","공원","서울특별시 강남구 도곡동 415-3","","37.484928","127.044297","1709","518","Y","02-3423-7555","","별도 지구지정사항 없음","","","","미적용","","","","","","","서울특별시 강남구청","","2018-04-06"
"봉은초등학교 운동장","지진대피소","옥외대피소","운동장","서울특별시 강남구 학동로 610","","37.520083","127.060933","12805","3880","Y","02-3423-7809","","별도 지구지정사항 없음","","","","미적용","","","","","","","서울특별시 강남구청","","2018-04-06"
"봉은중학교 운동장","지진대피소","옥외대피소","운동장","서울특별시 강남구 영동대로128길 59","","37.518975","127.062388","3715","1126","Y","02-3423-7809","","별도 지구지정사항 없음","","","","미적용","","","","","","","서울특별시 강남구청","","2018-04-06"
"경기고등학교 운동장","지진대피소","옥외대피소","운동장","서울특별시 강남구 영동대로 643","","37.515969","127.055179","18668","5657","Y","02-3423-7809","","별도 지구지정사항 없음","","","","미적용","","","","","","","서울특별시 강남구청","","2018-04-06"
"삼성목련공원","지진대피소","옥외대피소","공원","서울특별시 강남구 삼성동 55-1","","37.518527","127.053862","1641","497","Y","02-3423-7809","","별도 지구지정사항 없음","","","","미적용","","","","","","","서울특별시 강남구청","","2018-04-06"
"삼성까치공원","지진대피소","옥외대피소","공원","서울특별시 강남구 삼성동 85","","37.518337","127.060572","1463","443","Y","02-3423-7809","","별도 지구지정사항 없음","","","","미적용","","","","","","","서울특별시 강남구청","","2018-04-06"
"강남구청 주차장","지진대피소","옥외대피소","기타","서울특별시 강남구 학동로 426","","37.517740","127.046850","5176","1568","Y","02-3423-6946","","별도 지구지정사항 없음","","","","미적용","","","","","","","서울특별시 강남구청","","2018-04-06"
"보건소 주차장","지진대피소","옥외대피소","기타","서울특별시 강남구 선릉로 668","","37.516318","127.042314","1097","332","Y","02-3423-7013","","별도 지구지정사항 없음","","","","미적용","","","","","","","서울특별시 강남구청","","2018-04-06"
"삼릉초등학교 운동장","지진대피소","옥외대피소","운동장","서울특별시 강남구 봉은사로63길 22","","37.513260","127.046949","4408","1336","Y","02-3423-8206","","별도 지구지정사항 없음","","","","미적용","","","","","","","서울특별시 강남구청","","2018-04-06"
"언주중학교 운동장","지진대피소","옥외대피소","운동장","서울특별시 강남구 선릉로116길 57","","37.513898","127.047398","7448","2257","Y","02-3423-8206","","별도 지구지정사항 없음","","","","미적용","","","","","","","서울특별시 강남구청","","2018-04-06"
"삼성은행나무근린공원","지진대피소","옥외대피소","공원","서울특별시 강남구 삼성동 14 외 1필지","","37.516655","127.045700","1500","455","Y","02-3423-8206","","별도 지구지정사항 없음","","","","미적용","","","","","","","서울특별시 강남구청","","2018-04-06"
"배꽃근린공원","지진대피소","옥외대피소","공원","서울특별시 강남구 삼성동 11-3","","37.516277","127.044578","1593","483","Y","02-3423-8206","","별도 지구지정사항 없음","","","","미적용","","","","","","","서울특별시 강남구청","","2018-04-06"
"반달근린공원","지진대피소","옥외대피소","공원","서울특별시 강남구 삼성동 7-4","","37.516216","127.042848","679","206","Y","02-3423-8206","","별도 지구지정사항 없음","","","","미적용","","","","","","","서울특별시 강남구청","","2018-04-06"
"샘터근린공원","지진대피소","옥외대피소","공원","서울특별시 강남구 삼성동 16-4","","37.515413","127.047441","1800","545","Y","02-3423-8206","","별도 지구지정사항 없음","","","","미적용","","","","","","","서울특별시 강남구청","","2018-04-06"
"대왕초등학교 운동장","지진대피소","옥외대피소","운동장","서울특별시 강남구 헌릉로618길 8","","37.464620","127.105591","1836","556","Y","02-3423-8656","","별도 지구지정사항 없음","","","","미적용","","","","","","","서울특별시 강남구청","","2018-04-06"
"세명초등학교 운동장","지진대피소","옥외대피소","운동장","서울특별시 강남구 자곡로 55","","37.468858","127.091076","1365","414","Y","02-3423-8656","","별도 지구지정사항 없음","","","","미적용","","","","","","","서울특별시 강남구청","","2018-04-06"
"율현초등학교 운동장","지진대피소","옥외대피소","운동장","서울특별시 강남구 밤고개로21길 15","","37.474623","127.107787","300","91","Y","02-3423-8656","","별도 지구지정사항 없음","","","","미적용","","","","","","","서울특별시 강남구청","","2018-04-06"
"자곡초등학교 운동장","지진대피소","옥외대피소","운동장","서울특별시 강남구 자곡로 150","","37.472191","127.099602","1870","567","Y","02-3423-8656","","별도 지구지정사항 없음","","","","미적용","","","","","","","서울특별시 강남구청","","2018-04-06"
"세곡중학교 운동장","지진대피소","옥외대피소","운동장","서울특별시 강남구 자곡로 81","","37.471980","127.091886","2433","737","Y","02-3423-8656","","별도 지구지정사항 없음","","","","미적용","","","","","","","서울특별시 강남구청","","2018-04-06"
"풍문고등학교 운동장","지진대피소","옥외대피소","운동장","서울특별시 강남구 자곡로 152","","37.471337","127.099964","2392","725","Y","02-3423-8656","","별도 지구지정사항 없음","","","","미적용","","","","","","","서울특별시 강남구청","","2018-04-06"
"세곡동 근린공원1","지진대피소","옥외대피소","공원","서울특별시 강남구 세곡동 525-1","","37.460374","127.103383","10310","3124","Y","02-3423-8656","","별도 지구지정사항 없음","","","","미적용","","","","","","","서울특별시 강남구청","","2018-04-06"
"LH보금자리 근린공원2호","지진대피소","옥외대피소","공원","서울특별시 강남구 자곡동 625","","37.469202","127.090249","5237","1587","Y","02-3423-8656","","별도 지구지정사항 없음","","","","미적용","","","","","","","서울특별시 강남구청","","2018-04-06"
"LH보금자리 근린공원5호","지진대피소","옥외대피소","공원","서울특별시 강남구 자곡동 607","","37.473128","127.098613","21561","6534","Y","02-3423-8656","","별도 지구지정사항 없음","","","","미적용","","","","","","","서울특별시 강남구청","","2018-04-06"
"LH보금자리 근린공원7호","지진대피소","옥외대피소","공원","서울특별시 강남구 자곡동 627 외 1","","37.470359","127.092361","12093","3665","Y","02-3423-8656","","별도 지구지정사항 없음","","","","미적용","","","","","","","서울특별시 강남구청","","2018-04-06"
"윗반고개공원","지진대피소","옥외대피소","공원","서울특별시 강남구 세곡동 99-6 외 11","","37.465690","127.109124","1250","379","Y","02-3423-8656","","별도 지구지정사항 없음","","","","미적용","","","","","","","서울특별시 강남구청","","2018-04-06"
"못골공원","지진대피소","옥외대피소","공원","서울특별시 강남구 자곡동 447-23 외 1","","37.473587","127.100158","749","227","Y","02-3423-8656","","별도 지구지정사항 없음","","","","미적용","","","","","","","서울특별시 강남구청","","2018-04-06"
"윗방죽마을공원","지진대피소","옥외대피소","공원","서울특별시 강남구 율현동 308-29","","37.470289","127.104677","935","283","Y","02-3423-8656","","별도 지구지정사항 없음","","","","미적용","","","","","","","서울특별시 강남구청","","2018-04-06"
"세곡천공원","지진대피소","옥외대피소","공원","서울특별시 강남구 세곡동 522-1","","37.463188","127.101258","2645","802","Y","02-3423-8656","","별도 지구지정사항 없음","","","","미적용","","","","","","","서울특별시 강남구청","","2018-04-06"
"대왕공원","지진대피소","옥외대피소","공원","서울특별시 강남구 세곡동 526-2","","37.462337","127.104562","2633","798","Y","02-3423-8656","","별도 지구지정사항 없음","","","","미적용","","","","","","","서울특별시 강남구청","","2018-04-06"
"도담공원","지진대피소","옥외대피소","공원","서울특별시 강남구 세곡동 548","","37.467313","127.098607","4283","1298","Y","02-3423-8656","","별도 지구지정사항 없음","","","","미적용","","","","","","","서울특별시 강남구청","","2018-04-06"
"행복공원","지진대피소","옥외대피소","공원","서울특별시 강남구 세곡동 546","","37.467281","127.097140","2484","753","Y","02-3423-8656","","별도 지구지정사항 없음","","","","미적용","","","","","","","서울특별시 강남구청","","2018-04-06"
"수서초등학교 운동장","지진대피소","옥외대피소","운동장","서울특별시 강남구 광평로51길 46","","37.491152","127.101583","7774","2356","Y","02-3423-8554","","별도 지구지정사항 없음","","","","미적용","","","","","","","서울특별시 강남구청","","2018-04-06"
"왕북초등학교 운동장","지진대피소","옥외대피소","운동장","서울특별시 강남구 광평로31길 74","","37.486328","127.086055","3074","932","Y","02-3423-8554","","별도 지구지정사항 없음","","","","미적용","","","","","","","서울특별시 강남구청","","2018-04-06"
"대왕중학교 운동장","지진대피소","옥외대피소","운동장","서울특별시 강남구 광평로20길 7","","37.483274","127.087779","9069","2748","Y","02-3423-8554","","별도 지구지정사항 없음","","","","미적용","","","","","","","서울특별시 강남구청","","2018-04-06"
"수서중학교 운동장","지진대피소","옥외대피소","운동장","서울특별시 강남구 광평로59길 57","","37.491206","127.102381","2728","827","Y","02-3423-8554","","별도 지구지정사항 없음","","","","미적용","","","","","","","서울특별시 강남구청","","2018-04-06"
"세종고등학교 운동장","지진대피소","옥외대피소","운동장","서울특별시 강남구 광평로51길 36","","37.490390","127.102798","10500","3182","Y","02-3423-8554","","별도 지구지정사항 없음","","","","미적용","","","","","","","서울특별시 강남구청","","2018-04-06"
"대진디자인고등학교 운동장","지진대피소","옥외대피소","운동장","서울특별시 강남구 광평로39길 93","","37.490429","127.095980","2952","895","Y","02-3423-8554","","별도 지구지정사항 없음","","","","미적용","","","","","","","서울특별시 강남구청","","2018-04-06"
"탄천근린공원","지진대피소","옥외대피소","공원","서울특별시 강남구 수서동 722","","37.487449","127.106454","10011","3034","Y","02-3423-8554","","별도 지구지정사항 없음","","","","미적용","","","","","","","서울특별시 강남구청","","2018-04-06"
"수서개나리공원","지진대피소","옥외대피소","공원","서울특별시 강남구 수서동 723-1","","37.487532","127.105396","1500","455","Y","02-3423-8554","","별도 지구지정사항 없음","","","","미적용","","","","","","","서울특별시 강남구청","","2018-04-06"
"신구초등학교 운동장","지진대피소","옥외대피소","운동장","서울특별시 강남구 압구정로18길 28","","37.523361","127.023993","12986","3935","Y","02-3423-7307","","별도 지구지정사항 없음","","","","미적용","","","","","","","서울특별시 강남구청","","2018-04-06"
"신구중학교 운동장","지진대피소","옥외대피소","운동장","서울특별시 강남구 압구정로36길 17","","37.527276","127.032374","6332","1919","Y","02-3423-7307","","별도 지구지정사항 없음","","","","미적용","","","","","","","서울특별시 강남구청","","2018-04-06"
"신사근린공원","지진대피소","옥외대피소","공원","서울특별시 강남구 압구정동 422","","37.526738","127.021575","6800","2061","Y","02-3423-7307","","별도 지구지정사항 없음","","","","미적용","","","","","","","서울특별시 강남구청","","2018-04-06"
"신사은행나무공원","지진대피소","옥외대피소","공원","서울특별시 강남구 신사동 558","","37.520575","127.026025","1240","376","Y","02-3423-7307","","별도 지구지정사항 없음","","","","미적용","","","","","","","서울특별시 강남구청","","2018-04-06"
"압구정초등학교 운동장","지진대피소","옥외대피소","운동장","서울특별시 강남구 압구정로39길 29","","37.531740","127.030842","10986","3329","Y","02-3423-7607","","별도 지구지정사항 없음","","","","미적용","","","","","","","서울특별시 강남구청","","2018-04-06"
"신사중학교 운동장","지진대피소","옥외대피소","운동장","서울특별시 강남구 압구정로 123","","37.524697","127.021191","7980","2418","Y","02-3423-7607","","별도 지구지정사항 없음","","","","미적용","","","","","","","서울특별시 강남구청","","2018-04-06"
"압구정중학교 운동장","지진대피소","옥외대피소","운동장","서울특별시 강남구 압구정로 225","","37.530242","127.033002","8496","2575","Y","02-3423-7607","","별도 지구지정사항 없음","","","","미적용","","","","","","","서울특별시 강남구청","","2018-04-06"
"압구정고등학교 운동장","지진대피소","옥외대피소","운동장","서울특별시 강남구 압구정로39길 20","","37.530811","127.033611","7977","2417","Y","02-3423-7607","","별도 지구지정사항 없음","","","","미적용","","","","","","","서울특별시 강남구청","","2018-04-06"
"청담고등학교 운동장","지진대피소","옥외대피소","운동장","서울특별시 강남구 압구정로 419","","37.528145","127.043769","6208","1881","Y","02-3423-7607","","별도 지구지정사항 없음","","","","미적용","","","","","","","서울특별시 강남구청","","2018-04-06"
"현대고등학교 운동장","지진대피소","옥외대피소","운동장","서울특별시 강남구 압구정로 127","","37.524715","127.022930","12230","3706","Y","02-3423-7607","","별도 지구지정사항 없음","","","","미적용","","","","","","","서울특별시 강남구청","","2018-04-06"
"갈매기근린공원","지진대피소","옥외대피소","공원","서울특별시 강남구 압구정동 480","","37.530957","127.034397","7732","2343","Y","02-3423-7607","","별도 지구지정사항 없음","","","","미적용","","","","","","","서울특별시 강남구청","","2018-04-06"
"신사무궁화공원","지진대피소","옥외대피소","공원","서울특별시 강남구 신사동 625-5","","37.524144","127.031915","1642","498","Y","02-3423-7607","","별도 지구지정사항 없음","","","","미적용","","","","","","","서울특별시 강남구청","","2018-04-06"
"역삼초등학교 운동장","지진대피소","옥외대피소","운동장","서울특별시 강남구 강남대로66길 21","","37.492559","127.033355","5600","1697","Y","02-3423-8607","","별도 지구지정사항 없음","","","","미적용","","","","","","","서울특별시 강남구청","","2018-04-06"
"역삼까치공원","지진대피소","옥외대피소","공원","서울특별시 강남구 역삼동 824-10 외 1","","37.497238","127.030723","987","299","Y","02-3423-8607","","별도 지구지정사항 없음","","","","미적용","","","","","","","서울특별시 강남구청","","2018-04-06"
"역삼소나무공원","지진대피소","옥외대피소","공원","서울특별시 강남구 역삼동 836-21","","37.490975","127.033682","987","299","Y","02-3423-8607","","별도 지구지정사항 없음","","","","미적용","","","","","","","서울특별시 강남구청","","2018-04-06"
"역삼은행나무공원","지진대피소","옥외대피소","공원","서울특별시 강남구 역삼동 611","","37.505422","127.031207","1647","499","Y","02-3423-8607","","별도 지구지정사항 없음","","","","미적용","","","","","","","서울특별시 강남구청","","2018-04-06"
"충현공원","지진대피소","옥외대피소","공원","서울특별시 강남구 역삼동 666-2 외 2","","37.504714","127.036477","1538","466","Y","02-3423-8607","","별도 지구지정사항 없음","","","","미적용","","","","","","","서울특별시 강남구청","","2018-04-06"
"도성초등학교 운동장","지진대피소","옥외대피소","운동장","서울특별시 강남구 역삼로 313","","37.501461","127.048871","11452","3470","Y","02-3423-7357","","별도 지구지정사항 없음","","","","미적용","","","","","","","서울특별시 강남구청","","2018-04-06"
"역삼중학교 운동장","지진대피소","옥외대피소","운동장","서울특별시 강남구 도곡로43길 10","","37.495935","127.048891","6824","2068","Y","02-3423-7357","","별도 지구지정사항 없음","","","","미적용","","","","","","","서울특별시 강남구청","","2018-04-06"
"진선여자중학교 운동장","지진대피소","옥외대피소","운동장","서울특별시 강남구 선릉로85길 27","","37.501519","127.046190","6816","2065","Y","02-3423-7357","","별도 지구지정사항 없음","","","","미적용","","","","","","","서울특별시 강남구청","","2018-04-06"
"언주근린공원","지진대피소","옥외대피소","공원","서울특별시 강남구 역삼동 754-7 외 1필지","","37.498689","127.047526","1111","337","Y","02-3423-7357","","별도 지구지정사항 없음","","","","미적용","","","","","","","서울특별시 강남구청","","2018-04-06"
"길섶근린공원","지진대피소","옥외대피소","공원","서울특별시 강남구 역삼동 757-1","","37.497580","127.048878","1581","479","Y","02-3423-7357","","별도 지구지정사항 없음","","","","미적용","","","","","","","서울특별시 강남구청","","2018-04-06"
"역삼장미공원","지진대피소","옥외대피소","공원","서울특별시 강남구 역삼동 780-25","","37.495332","127.044717","1637","496","Y","02-3423-7357","","별도 지구지정사항 없음","","","","미적용","","","","","","","서울특별시 강남구청","","2018-04-06"
"대청초등학교 운동장","지진대피소","옥외대피소","운동장","서울특별시 강남구 양재대로55길 28","","37.493148","127.087767","6357","1926","Y","02-3423-8357","","별도 지구지정사항 없음","","","","미적용","","","","","","","서울특별시 강남구청","","2018-04-06"
"영희초등학교 운동장","지진대피소","옥외대피소","운동장","서울특별시 강남구 일원로 21","","37.492301","127.081133","10545","3195","Y","02-3423-8357","","별도 지구지정사항 없음","","","","미적용","","","","","","","서울특별시 강남구청","","2018-04-06"
"중동고등학교 운동장","지진대피소","옥외대피소","운동장","서울특별시 강남구 일원로 7","","37.493715","127.080912","10419","3157","Y","02-3423-8357","","별도 지구지정사항 없음","","","","미적용","","","","","","","서울특별시 강남구청","","2018-04-06"
"대청근린공원","지진대피소","옥외대피소","공원","서울특별시 강남구 일원동 621","","37.492538","127.082671","14089","4269","Y","02-3423-8357","","별도 지구지정사항 없음","","","","미적용","","","","","","","서울특별시 강남구청","","2018-04-06"
"일원까치공원","지진대피소","옥외대피소","공원","서울특별시 강남구 일원동 712-4","","37.492073","127.088194","1476","447","Y","02-3423-8357","","별도 지구지정사항 없음","","","","미적용","","","","","","","서울특별시 강남구청","","2018-04-06"
"대진초등학교 운동장","지진대피소","옥외대피소","운동장","서울특별시 강남구 개포로109길 74","","37.497013","127.078081","6555","1986","Y","02-3423-8457","","별도 지구지정사항 없음","","","","미적용","","","","","","","서울특별시 강남구청","","2018-04-06"
"일원초등학교 운동장","지진대피소","옥외대피소","운동장","서울특별시 강남구 영동대로4길 20","","37.489789","127.076326","6881","2085","Y","02-3423-8457","","별도 지구지정사항 없음","","","","미적용","","","","","","","서울특별시 강남구청","","2018-04-06"
"중동중학교 운동장","지진대피소","옥외대피소","운동장","서울특별시 강남구 일원로8길 37","","37.488516","127.078612","5937","1799","Y","02-3423-8457","","별도 지구지정사항 없음","","","","미적용","","","","","","","서울특별시 강남구청","","2018-04-06"
"대진근린공원","지진대피소","옥외대피소","공원","서울특별시 강남구 개포동 13-1","","37.495585","127.078578","13568","4112","Y","02-3423-8457","","별도 지구지정사항 없음","","","","미적용","","","","","","","서울특별시 강남구청","","2018-04-06"
"늘푸른근린공원","지진대피소","옥외대피소","공원","서울특별시 강남구 일원동 690","","37.489899","127.077496","11410","3458","Y","02-3423-8457","","별도 지구지정사항 없음","","","","미적용","","","","","","","서울특별시 강남구청","","2018-04-06"
"한마음공원","지진대피소","옥외대피소","공원","서울특별시 강남구 개포동 12-3","","37.496027","127.075778","2488","754","Y","02-3423-8457","","별도 지구지정사항 없음","","","","미적용","","","","","","","서울특별시 강남구청","","2018-04-06"
"대모초등학교 운동장","지진대피소","옥외대피소","운동장","서울특별시 강남구 광평로20길 27","","37.480597","127.085993","4840","1467","Y","02-3423-8255","","별도 지구지정사항 없음","","","","미적용","","","","","","","서울특별시 강남구청","","2018-04-06"
"중산고등학교 운동장","지진대피소","옥외대피소","운동장","서울특별시 강남구 일원로14길 22","","37.485639","127.080617","10763","3262","Y","02-3423-8255","","별도 지구지정사항 없음","","","","미적용","","","","","","","서울특별시 강남구청","","2018-04-06"
"로봇고등학교 운동장","지진대피소","옥외대피소","운동장","서울특별시 강남구 광평로20길 63","","37.480733","127.084577","8640","2618","Y","02-3423-8255","","별도 지구지정사항 없음","","","","미적용","","","","","","","서울특별시 강남구청","","2018-04-06"
"한솔근린공원","지진대피소","옥외대피소","공원","서울특별시 강남구 일원동 732","","37.480945","127.077863","12878","3902","Y","02-3423-8255","","별도 지구지정사항 없음","","","","미적용","","","","","","","서울특별시 강남구청","","2018-04-06"
"일원장미공원","지진대피소","옥외대피소","공원","서울특별시 강남구 일원동 732-4","","37.480694","127.080737","1500","455","Y","02-3423-8255","","별도 지구지정사항 없음","","","","미적용","","","","","","","서울특별시 강남구청","","2018-04-06"
"일원개나리공원","지진대피소","옥외대피소","공원","서울특별시 강남구 일원동 730-3","","37.483006","127.076358","4454","1350","Y","02-3423-8255","","별도 지구지정사항 없음","","","","미적용","","","","","","","서울특별시 강남구청","","2018-04-06"
"일원느티나무공원","지진대피소","옥외대피소","공원","서울특별시 강남구 일원동 730-2","","37.483059","127.077388","1826","553","Y","02-3423-8255","","별도 지구지정사항 없음","","","","미적용","","","","","","","서울특별시 강남구청","","2018-04-06"
"일원진달래공원","지진대피소","옥외대피소","공원","서울특별시 강남구 일원동 716-1","","37.484766","127.084710","1500","455","Y","02-3423-8255","","별도 지구지정사항 없음","","","","미적용","","","","","","","서울특별시 강남구청","","2018-04-06"
"수서까치공원","지진대피소","옥외대피소","공원","서울특별시 강남구 수서동 736-1","","37.487153","127.097928","1500","455","Y","02-3423-8255","","별도 지구지정사항 없음","","","","미적용","","","","","","","서울특별시 강남구청","","2018-04-06"
"언북초등학교 운동장","지진대피소","옥외대피소","운동장","서울특별시 강남구 삼성로135길 42","","37.519832","127.044980","3750","1136","Y","02-3423-7734","","별도 지구지정사항 없음","","","","미적용","","","","","","","서울특별시 강남구청","","2018-04-06"
"청담초등학교 운동장","지진대피소","옥외대피소","운동장","서울특별시 강남구 압구정로71길 9","","37.528182","127.045920","7777","2357","Y","02-3423-7734","","별도 지구지정사항 없음","","","","미적용","","","","","","","서울특별시 강남구청","","2018-04-06"
"청담중학교 운동장","지진대피소","옥외대피소","운동장","서울특별시 강남구 압구정로61길 36","","37.528636","127.045291","6805","2062","Y","02-3423-7734","","별도 지구지정사항 없음","","","","미적용","","","","","","","서울특별시 강남구청","","2018-04-06"
"영동고등학교 운동장","지진대피소","옥외대피소","운동장","서울특별시 강남구 선릉로 742","","37.521389","127.043740","43546","13196","Y","02-3423-7734","","별도 지구지정사항 없음","","","","미적용","","","","","","","서울특별시 강남구청","","2018-04-06"
"청수근린공원","지진대피소","옥외대피소","공원","서울특별시 강남구 청담동 134-13 외 12필지","","37.523263","127.058414","17402","5273","Y","02-3423-7734","","별도 지구지정사항 없음","","","","미적용","","","","","","","서울특별시 강남구청","","2018-04-06"
"청담은행나무공원","지진대피소","옥외대피소","공원","서울특별시 강남구 청담동 94-4","","37.525148","127.044019","1644","498","Y","02-3423-7734","","별도 지구지정사항 없음","","","","미적용","","","","","","","서울특별시 강남구청","","2018-04-06"
"청담목련공원","지진대피소","옥외대피소","공원","서울특별시 강남구 청담동 51","","37.522993","127.049817","1642","498","Y","02-3423-7734","","별도 지구지정사항 없음","","","","미적용","","","","","","","서울특별시 강남구청","","2018-04-06"
"개원중학교 강당동","지진해일대피소","실내대피소","학교","서울특별시 강남구 영동대로 101","","37.491639","127.071415","2034","616","Y","02-3411-8327","","별도 지구지정사항 없음","","","","적용","","","","","","","서울특별시 강남구청","","2018-04-06"
"경기고등학교 삼성재","지진해일대피소","실내대피소","학교","서울특별시 강남구 영동대로 643","","37.515969","127.055179","614","186","Y","02-3496-7311","","별도 지구지정사항 없음","","","","적용","","","","","","","서울특별시 강남구청","","2018-04-06"
"구룡중학교 체육관","지진해일대피소","실내대피소","학교","서울특별시 강남구 선릉로 103","","37.486153","127.056121","1129","342","Y","02-576-6186","","별도 지구지정사항 없음","","","","적용","","","","","","","서울특별시 강남구청","","2018-04-06"
"구룡초등학교","지진해일대피소","실내대피소","학교","서울특별시 강남구 개포로 263","","37.480304","127.052009","942","285","Y","02-573-5016","","별도 지구지정사항 없음","","","","적용","","","","","","","서울특별시 강남구청","","2018-04-06"
"논현1문화센터","지진해일대피소","실내대피소","기타","서울특별시 강남구 학동로20길 25","","37.511505","127.028536","437","132","Y","02-3423-7425","","별도 지구지정사항 없음","","","","적용","","","","","","","서울특별시 강남구청","","2018-04-06"
"논현2문화센터","지진해일대피소","실내대피소","기타","서울특별시 강남구 학동로43길 17","","37.517284","127.037204","247","74","Y","02-3423-7505","","별도 지구지정사항 없음","","","","적용","","","","","","","서울특별시 강남구청","","2018-04-06"
"논현초등학교","지진해일대피소","실내대피소","학교","서울특별시 강남구 강남대로120길 33","","37.507945","127.025809","540","163","Y","02-514-6635","","별도 지구지정사항 없음","","","","미적용","","","","","","","서울특별시 강남구청","","2018-04-06"
"단대부고","지진해일대피소","실내대피소","학교","서울특별시 강남구 도곡로64길 21","","37.495618","127.057769","3800","1151","Y","02-2191-2613","","별도 지구지정사항 없음","","","","미적용","","","","","","","서울특별시 강남구청","","2018-04-06"
"대도초 신관동","지진해일대피소","실내대피소","학교","서울특별시 강남구 선릉로 209","","37.492742","127.052871","1861","563","Y","02-3463-5376","","별도 지구지정사항 없음","","","","적용","","","","","","","서울특별시 강남구청","","2018-04-06"
"대명중학교 체육관","지진해일대피소","실내대피소","학교","서울특별시 강남구 역삼로87길 26","","37.506338","127.060986","661","200","Y","02-563-3703","","별도 지구지정사항 없음","","","","적용","","","","","","","서울특별시 강남구청","","2018-04-06"
"대진초등학교","지진해일대피소","실내대피소","학교","서울특별시 강남구 개포로 109길 74","","37.497013","127.078081","330","100","Y","02-3412-0475","","별도 지구지정사항 없음","","","","적용","","","","","","","서울특별시 강남구청","","2018-04-06"
"대치1문화센터","지진해일대피소","실내대피소","기타","서울특별시 강남구 남부순환로391길 19","","37.493245","127.056776","459","139","Y","02-3423-8308","","별도 지구지정사항 없음","","","","적용","","","","","","","서울특별시 강남구청","","2018-04-06"
"대치4문화센터","지진해일대피소","실내대피소","기타","서울특별시 강남구 도곡로77길23","","37.499730","127.057850","555","168","Y","02-3423-8505","","별도 지구지정사항 없음","","","","적용","","","","","","","서울특별시 강남구청","","2018-04-06"
"대치중학교 강당동","지진해일대피소","실내대피소","학교","서울특별시 강남구 남부순환로 378길 39","","37.484571","127.047061","1006","304","Y","02-572-9780","","별도 지구지정사항 없음","","","","적용","","","","","","","서울특별시 강남구청","","2018-04-06"
"도곡초 복합화센터","지진해일대피소","실내대피소","학교","서울특별시 강남구 선릉로64길33","","37.499163","127.055205","649","196","Y","02-580-4571","","별도 지구지정사항 없음","","","","적용","","","","","","","서울특별시 강남구청","","2018-04-06"
"도성초등학교 강당동","지진해일대피소","실내대피소","학교","서울특별시 강남구 역삼로 313","","37.501461","127.048871","1520","460","Y","02-567-0214","","별도 지구지정사항 없음","","","","적용","","","","","","","서울특별시 강남구청","","2018-04-06"
"봉은초등학교 강당동","지진해일대피소","실내대피소","학교","서울특별시 강남구 학동로 610","","37.520083","127.060933","2362","715","Y","02-545-2674","","별도 지구지정사항 없음","","","","적용","","","","","","","서울특별시 강남구청","","2018-04-06"
"서울로봇고등학교","지진해일대피소","실내대피소","학교","서울특별시 강남구 광평로 20길 63","","37.480733","127.084577","1007","305","Y","02-3016-0163","","별도 지구지정사항 없음","","","","적용","","","","","","","서울특별시 강남구청","","2018-04-06"
"세명초등학교","지진해일대피소","실내대피소","학교","서울특별시 강남구 자곡로55","","37.468858","127.091076","1365","413","Y","02-2040-0870","","별도 지구지정사항 없음","","","","적용","","","","","","","서울특별시 강남구청","","2018-04-06"
"신구초 복합화센터","지진해일대피소","실내대피소","학교","서울특별시 강남구 압구정로 18길 28","","37.523361","127.023993","1663","503","Y","02-549-6815","","별도 지구지정사항 없음","","","","적용","","","","","","","서울특별시 강남구청","","2018-04-06"
"신사문화센터","지진해일대피소","실내대피소","기타","서울특별시 강남구 압구정로 128","","37.523975","127.022797","1722","521","Y","02-3423-7307","","별도 지구지정사항 없음","","","","적용","","","","","","","서울특별시 강남구청","","2018-04-06"
"서울양전초 체육관","지진해일대피소","실내대피소","학교","서울특별시 강남구 개포로 513","","37.490284","127.069425","1897","574","Y","02-3411-8982","","별도 지구지정사항 없음","","","","적용","","","","","","","서울특별시 강남구청","","2018-04-06"
"언북초 복합화동","지진해일대피소","실내대피소","학교","서울특별시 강남구 삼성로 135길 42","","37.519832","127.044980","650","196","Y","02-514-5985","","별도 지구지정사항 없음","","","","적용","","","","","","","서울특별시 강남구청","","2018-04-06"
"언주초등학교","지진해일대피소","실내대피소","학교","서울특별시 강남구 남부순환로 363길 19","","37.486322","127.036794","785","237","Y","02-3462-2519","","별도 지구지정사항 없음","","","","적용","","","","","","","서울특별시 강남구청","","2018-04-06"
"역삼1문화센터","지진해일대피소","실내대피소","기타","서울특별시 강남구 역삼로7길 16","","37.495374","127.033284","958","290","Y","02-3423-8607","","별도 지구지정사항 없음","","","","적용","","","","","","","서울특별시 강남구청","","2018-04-06"
"역삼중 강당동","지진해일대피소","실내대피소","학교","서울특별시 강남구 도곡로 43길 10","","37.495935","127.048891","2424","734","Y","02-558-1503","","별도 지구지정사항 없음","","","","미적용","","","","","","","서울특별시 강남구청","","2018-04-06"
"영희초","지진해일대피소","실내대피소","학교","서울특별시 강남구 일원로 21","","37.492301","127.081133","456","138","Y","02-2226-6016","","별도 지구지정사항 없음","","","","적용","","","","","","","서울특별시 강남구청","","2018-04-06"
"중동고등학교","지진해일대피소","실내대피소","학교","서울특별시 강남구 일원로 7","","37.493715","127.080912","914","276","Y","02-2040-2590","","별도 지구지정사항 없음","","","","적용","","","","","","","서울특별시 강남구청","","2018-04-06"
"중동중학교","지진해일대피소","실내대피소","학교","서울특별시 강남구 일원로8길 37","","37.488516","127.078612","1781","539","Y","070-7092-9417","","별도 지구지정사항 없음","","","","적용","","","","","","","서울특별시 강남구청","","2018-04-06"
"청담중학교","지진해일대피소","실내대피소","학교","서울특별시 강남구 압구정로61길 36","","37.528636","127.045291","1770","536","Y","02-541-1646","","별도 지구지정사항 없음","","","","적용","","","","","","","서울특별시 강남구청","","2018-04-06"
"포이초등학교","지진해일대피소","실내대피소","학교","서울특별시 강남구 개포로22길 87","","37.475916","127.052511","779","236","Y","02-571-3976","","별도 지구지정사항 없음","","","","미적용","","","","","","","서울특별시 강남구청","","2018-04-06"
"학동초등학교","지진해일대피소","실내대피소","학교","서울특별시 강남구 선릉로115길 42","","37.512261","127.039598","100","30","Y","02-546-6472","","별도 지구지정사항 없음","","","","적용","","","","","","","서울특별시 강남구청","","2018-04-06"