순번,설치기관명칭,전화번호,주소,주소(도로명),장비사용여부,제조사,제조국가명,모델명
1,도마e편한세상포레나아파트,042-586-9500,"대전광역시 서구 도산로 8, 관리사무소동 (도마동, 도마 e편한세상 포레나)","대전광역시 서구 도산로 8 (도마동, 도마 e편한세상 포레나)",사용중,(주)메디아나,한국,HeartOn A15-G4
2,도마e편한세상포레나아파트,042-586-9500,"대전광역시 서구 도산로 8, 관리사무소동 (도마동, 도마 e편한세상 포레나)","대전광역시 서구 도산로 8 (도마동, 도마 e편한세상 포레나)",사용중,(주)메디아나,한국,HeartOn A15-G4
3,이김병원,042-721-0777,대전광역시 서구 관저동 1733 대전 관저 클리닉 센터,"대전광역시 서구 계백로 993, 대전 관저 클리닉 센터 6~8층 (관저동)",사용중,니온코덴,일본,AED-3100
4,더젠병원,042-544-0025,대전광역시 서구 관저동 1761,"대전광역시 서구 계백로 1013, 3~7층 (관저동)",사용중,(주)나눔테크,한국,NT-3000
5,도마요양원,042-523-3356,대전광역시 서구 도마동 64-2,대전광역시 서구 용화4길 25 (도마동),사용중,메디아나,한국,자동심장충격기
6,도마실어울림플랫폼,042-535-0906,대전광역시 서구 도마동 144-37 도마실 어울림 플랫폼,"대전광역시 서구 도마3길 27, 도마실 어울림 플랫폼 (도마동)",사용중,메디아나,한국,HeartOn A16-DS
7,피피쿠스유치원,042-532-6770,대전광역시 서구 도마동 19-1,대전광역시 서구 도솔로 173 (도마동),사용중,메디아나,한국,HeartOn A16-DS
8,도화청소년문화의집,042-528-1318,대전광역시 서구 도마동 84-11,대전광역시 서구 도마로 130 (도마동),사용중,메디아나,한국,HeartOn A16-DS
9,대전광역시 상수도사업본부,042-715-6173,대전광역시 서구 갈마동 413,대전광역시 서구 신갈마로141번길 80 (갈마동),사용중,나눔테크,한국,NT-381.B
10,(주)인터비즈시스템,042-488-3100,"대전광역시 서구 둔산중로 38, 둔산메트로존 202호 (둔산동)","대전광역시 서구 둔산중로 38, 둔산메트로존 202호 (둔산동)",사용중,(주)메디아나,대한민국,HeartOn A16-GS
11,현대건설힐스테이트가장더퍼스트,042-538-9611,대전광역시 서구 도산로 251 (내동),대전광역시 서구 도산로 251 (내동),사용중,CU메디컬,대한민국,i-PAD NF1200
12,현대건설힐스테이트가장더퍼스트,042-538-9611,대전광역시 서구 도산로 251 (내동),대전광역시 서구 도산로 251 (내동),사용중,CU메디컬,대한민국,i-PAD CU-SP1 Plus
13,대전청사다솜어린이집,042-719-8082,대전광역시 서구 청사로 189 (둔산동),대전광역시 서구 청사로 189 (둔산동),사용중,(주)나눔테크,한국,저출력심장충격기
14,대우건설관저푸르지오센트럴파크현장,042-541-1724,"대전광역시 서구 계백로 1106, 관저푸르지오센트럴파크 (관저동)","대전광역시 서구 계백로 1106, 대우건설관저푸르지오센트럴파크현장 (관저동)",사용중,나눔테크,대한민국,HeartSaver NT-285
15,대전광역시도시철도공사(용문역),042-539-3213,,"대전광역시 서구 월드컵대로 480, 대전교통공사 (월평동)",사용중,(주)씨유메디칼시스템,한국,CU-SP1
16,서구보건소,042-288-4500,대전광역시 서구 만년동 340 대전서구보건소,"대전광역시 서구 만년로 74, 대전서구보건소 (만년동)",사용중,메디아나,대한민국,HeartOnA15-G8
17,한국전력공사대전전력지사,042-333-2311,"대전광역시 서구 변동중로 39, 한국전력공사 (변동)","대전광역시 서구 변동중로 39, 한국전력공사 (변동)",사용중,나눔테크,대한민국,NT-381.C
18,대전둔산소방서,042-609-6252,대전광역시 서구 갈마중로 15,대전광역시 서구 갈마중로 15,사용중,니혼코덴,일본,TEC-8352K
19,대전둔산소방서,042-609-6252,대전광역시 서구 갈마중로 15,대전광역시 서구 갈마중로 15,사용중,니혼코덴,일본,EMS-1052
20,대전둔산소방서,042-609-6252,대전광역시 서구 갈마중로 15,대전광역시 서구 갈마중로 15,사용중,니혼코덴,일본,EMS-1052
21,대전둔산소방서,042-609-6252,대전광역시 서구 갈마중로 15,대전광역시 서구 갈마중로 15,사용중,NIHON KOHDEN,일본,TEC-8352K
22,대전둔산소방서,042-609-6252,대전광역시 서구 갈마중로 15,대전광역시 서구 갈마중로 15,사용중,GS-elektromedi,독일,corplus3
23,대전둔산소방서,042-609-6252,대전광역시 서구 갈마중로 15,대전광역시 서구 갈마중로 15,사용중,Zoll,미국,Xseries
24,대전둔산소방서,042-609-6252,대전광역시 서구 갈마중로 15,대전광역시 서구 갈마중로 15,사용중,니혼코덴,일본,TEC-8300(K)
25,대전둔산소방서,042-609-6252,대전광역시 서구 갈마중로 15,대전광역시 서구 갈마중로 15,사용중,GS Elektromedi,독일,corpuls3
26,대전둔산소방서,042-609-6252,대전광역시 서구 갈마중로 15,대전광역시 서구 갈마중로 15,사용중,GS Elektromedi,독일,corpuls3
27,대전둔산소방서,042-609-6252,대전광역시 서구 갈마중로 15,대전광역시 서구 갈마중로 15,사용중,Zoll,미국,Xseries
28,원앙마을1단지아파트,042-545-4025,대전광역시 서구 관저북로 87,대전광역시 서구 관저북로 87,사용중,나눔테크,대한민국,NT-381.O
29,대전광역시시설관리공단(월평싸이클장),042-724-3213,"대전광역시 서구 신갈마로 55-3, 싸이클경기장 (내동)","대전광역시 서구 신갈마로 55-3, 싸이클경기장 (내동)",사용중,(주)씨유네트웍스,대한민국,NFK-200
30,대전소방본부,042-270-6164,"대전광역시 서구 둔산로 100, 대전소방본부 (둔산동)","대전광역시 서구 둔산로 100, 대전소방본부 (둔산동)",사용중,니혼코덴,일본,EMS-1052
31,내동코오롱아파트,042-532-4970,대전광역시 서구 동서대로 967,대전광역시 서구 동서대로 967,사용중,나눔테크,대한민국,NT-381.O
32,방위사업청,02-2079-6604,"대전광역시 서구 월평중로 21, 한국마사회 빌딩 8층 (월평동)","대전광역시 서구 월평중로 21, 한국마사회 빌딩 8~12층 (월평동)",사용중,(주)메디아나,대한민국,HeartOn A15-G4
33,방위사업청,02-2079-6604,"대전광역시 서구 월평중로 21, 한국마사회 빌딩 8층 (월평동)","대전광역시 서구 월평중로 21, 한국마사회 빌딩 8~12층 (월평동)",사용중,(주)메디아나,대한민국,HeartOn A15-G4
34,햇님아파트,042-484-0365,"대전광역시 서구 둔산북로 175 관리사무소 (둔산동, 햇님아파트)","대전광역시 서구 둔산북로 175 관리사무소 (둔산동, 햇님아파트)",사용중,(주)라디안,대한민국,HR-501
35,에스앤케이병원,042-476-9000,대전광역시 서구 둔산동 963,"대전광역시 서구 둔산북로 36, 3~5층 (둔산동)",사용중,메디아나,대한민국,HeartOn A15-G4
36,황실타운아파트,042-489-4196,대전광역시 서구 청사로 65,대전광역시 서구 청사로 65,사용중,나눔테크,대한민국,HeartKeeper
37,내동탑스빌아파트,042-361-9661,"대전광역시 서구 도산로253번길 75, 관리동 1층 (내동, 내동탑스빌아파트)","대전광역시 서구 도산로253번길 75 (내동, 내동탑스빌아파트)",사용중,라디안,대한민국,HR-701
38,대전광역시여성가족원,042-270-7612,대전광역시 서구 도마동 484-21 여성가족원,"대전광역시 서구 배재로 181, 여성가족원 (도마동)",사용중,라디안,대한민국,HR-701
39,은아2단지아파트,042-541-3455,"대전광역시 서구 계백로1158번길 113 (가수원동, 은아아파트2단지)","대전광역시 서구 계백로1158번길 113 (가수원동, 은아아파트2단지)",사용중,라디안,대한민국,HR-701
40,(사)대전지체장애인협회서구지회,042-483-3442,"대전광역시 서구 만년로67번길 18-13, 3층 (만년동)","대전광역시 서구 만년로67번길 18-13, 3층 (만년동)",사용중,라디안,대한민국,HR-701
41,대전관광공사,042-250-1408,대전광역시 서구 둔산대로 169 1층 고객센터 앞 (만년동),대전광역시 서구 둔산대로 169 1층 고객센터 앞 (만년동),사용중,(주)라디안큐바이오,대한민국,HR-701
42,(주)케이씨씨글라스충청권영업소,042-487-4620,"대전광역시 서구 문정로 92, 1층 (탄방동)",대전광역시 서구 문정로 92 (탄방동),사용중,라디안,대한민국,HR-701
43,관저문예회관,042-288-2790,"대전광역시 서구 관저동로105번길 20, 3층 (관저동)",대전광역시 서구 관저동로105번길 20 (관저동),사용중,라디안,대한민국,HR-701
44,대전둔산C1BL오피스텔신축공사(주)대우건설,042-489-8324,"대전광역시 서구 둔산북로 121, 둔산C1BL오피스텔신축공사현장 (둔산동)","대전광역시 서구 둔산북로 121, 둔산C1BL오피스텔신축공사현장 (둔산동)",사용중,(주)메디아나,대한민국,HearOn A15-G4
45,대전교통공사(갑천역),042-539-3615,"대전광역시 서구 월드컵대로 480, 대전광역시도시철도공사 (월평동)","대전광역시 서구 갑천도시고속도로 지하1833, 갑천역 (월평동)",사용중,(주)씨유메디칼시스템,한국,CU-SP1
46,대전세종충남·넥슨후원공공어린이재활병원,042-330-2185,"대전광역시 서구 도안중로 133, 대전세종충남넥슨후원 공공어린이재활병원 (관저동)","대전광역시 서구 도안중로 133, 대전세종충남넥슨후원 공공어린이재활병원 (관저동)",사용중,Philips,독일,HS1
47,대전세종충남·넥슨후원공공어린이재활병원,042-330-2185,"대전광역시 서구 도안중로 133, 대전세종충남넥슨후원 공공어린이재활병원 (관저동)","대전광역시 서구 도안중로 133, 대전세종충남넥슨후원 공공어린이재활병원 (관저동)",사용중,Philips,독일,HS1
48,한국국토정보공사대전지사,042-718-4060,"대전광역시 서구 문정로48번길 12, 한국국토정보공사 (탄방동)","대전광역시 서구 문정로48번길 12, 한국국토정보공사 (탄방동)",사용중,(주)나눔테크,대한민국,NT-381.O
49,(주)한화건설대전월평공동주택현장,042-587-8891,"대전광역시 서구 계백로1307번길 22-47, 옆 도마동 산 39-1호 (정림동, 도솔타운)","대전광역시 서구 계백로1307번길 22-47, 옆 도마동 산 39-1호 (정림동, 도솔타운)",사용중,메디아나,대한민국,HeartOn A15-G4
50,(주)대한그린,042-536-0184,대전광역시 서구 괴정로 18(괴정동),대전광역시 서구 괴정로 18(괴정동),사용중,나눔테크,한국,NT-381C
51,대전숭어리샘주택재건축정비사업,042-710-1909,"대전광역시 서구 괴정로 55, 대전숭어리샘 GS건설 현장사무실 (괴정동)","대전광역시 서구 괴정로 55, 대전숭어리샘 GS건설 현장사무실 (괴정동)",사용중,라디안큐바이오,대한민국,HR-501
52,대전숭어리샘주택재건축정비사업,042-710-1909,"대전광역시 서구 괴정로 55, 대전숭어리샘 GS건설 현장사무실 (괴정동)","대전광역시 서구 괴정로 55, 대전숭어리샘 GS건설 현장사무실 (괴정동)",사용중,라디안큐바이오,대한민국,HR-501
53,케이티엠오에스남부,042-483-8161,"대전광역시 서구 괴정로 72, 6층 (괴정동)","대전광역시 서구 괴정로 72, 6층 (괴정동)",사용중,나눔테크,대한민국,Heartkeeper
54,"포스코건설용문1,2,3구역주택재건축정비사업현장",공개 불가(휴대전화번호),"대전광역시 서구 도솔로 504, 포스코건설사무실 (용문동)",대전광역시 서구 도솔로 504(용문동),사용중,메디아나,한국,hearton A15-G4
55,포스코건설용문동1구역주택재건축정비사업현장,공개 불가(휴대전화번호),"대전광역시 서구 도솔로 504, 1구역 현장 (용문동)","대전광역시 서구 도솔로 504, 1구역 현장 (용문동)",사용중,메디아나,한국,hearton A15-G4
56,포스코건설용문동2구역주택재건축정비사업현장,공개 불가(휴대전화번호),"대전광역시 서구 도솔로 504, 2구역현장 (용문동)","대전광역시 서구 도솔로 504, 2구역 출입문앞 (용문동)",사용중,메디아나,한국,hearton A15-G4
57,포스코건설용문동3구역주택재건출정비사업현장,공개 불가(휴대전화번호),"대전광역시 서구 도솔로 504, 3구역 (용문동)","대전광역시 서구 도솔로 504, 3구역 (용문동)",사용중,메디아나,한국,hearton A15-G4
58,대전교통공사(갈마역),042-539-3613,"대전광역시 서구 월드컵대로 480, 대전광역시도시철도공사 (월평동)","대전광역시 서구 한밭대로 지하666, 갈마역 (갈마동)",사용중,(주)씨유메디칼시스템,한국,CU-SP1
59,대전교통공사(월평역),042-539-3614,"대전광역시 서구 월드컵대로 480, 대전광역시도시철도공사 (월평동)","대전광역시 서구 한밭대로 지하595, 월평역 (월평동)",사용중,(주)씨유메디칼시스템,한국,CU-SP1
60,정림동행정복지센터,042-288-5096,"대전광역시 서구 정림동로 10, 정림동행정복지센터 1층 (정림동)","대전광역시 서구 정림동로 10, 정림동행정복지센터 1층 (정림동)",사용중,씨유메디컬시스템,한국,CU-SP1
61,둔산요양병원,042-719-7575,"대전광역시 서구 둔산중로 38, 둔산메트로존 9,10층 (둔산동)","대전광역시 서구 둔산중로 38, 둔산메트로존 9,10층 (둔산동)",사용중,메디아나,대한민국,A15-G4
62,(주)호반건설대전도마변동11구역,070-7812-4705,대전광역시 서구 도마동 171-55,대전광역시 서구 계백로 1405 (도마동),사용중,라디안큐바이오,대한민국,HR-501
63,(주)호반건설대전도마변동11구역,070-7812-4705,대전광역시 서구 도마동 171-55,대전광역시 서구 계백로 1405 (도마동),사용중,라디안큐바이오,대한민국,HR-501
64,탑스관리(주),042-581-7761,대전광역시 서구 월평새뜸로 6(월평동),대전광역시 서구 월평새뜸로 6(월평동),사용중,메디아나,대한민국,A15-G4
65,대전교통공사(시청역),042-539-3213,"대전광역시 서구 월드컵대로 480, 대전광역시도시철도공사 (월평동)","대전광역시 서구 둔산중로 지하55, 시청역 (둔산동)",사용중,나눔테크,대한민국,NT-381.C
66,대전교통공사,042-539-3485,"대전광역시 서구 월드컵대로 480, 대전광역시도시철도공사 (월평동)","대전광역시 서구 월드컵대로 480, 대전광역시도시철도공사 (월평동)",사용중,씨유메디칼,대한민국,i-pad nf1200
67,래미안유치원,042-538-2580,"대전광역시 서구 가장로 106, 유치원동 (가장동, 삼성 래미안아파트)","대전광역시 서구 가장로 106, 유치원동 (가장동, 삼성 래미안아파트)",사용중,나눔테크,대한민국,NT-381.C
68,갤러리아타임월드,042-480-5000,"대전광역시 서구 대덕대로 211, 갤러리아타임월드백화점 (둔산동)","대전광역시 서구 대덕대로 211, 갤러리아타임월드백화점 (둔산동)",사용중,필립스,미국,HeartStart HS1
69,대전서구평생학습원,042-288-4730,대전광역시 서구 계룡로553번길 38(탄방동),대전광역시 서구 계룡로553번길 38(탄방동),사용중,나눔테크,대한민국,NT-381.C
70,건양대병원부속유치원,042-541-1123,"대전광역시 서구 관저동로 158, 건양대학교병원 (관저동)","대전광역시 서구 관저동로 158, 건양대학교병원 (관저동)",사용중,나눔테크,대한민국,NT-381C
71,한국산업은행대전지점,042-600-6200,대전광역시 서구 둔산서로 137(둔산동),대전광역시 서구 둔산서로 137(둔산동),사용중,니혼코덴,일본,AED-3100
72,KT충남충북광역본부,공개 불가(휴대전화번호),"대전광역시 서구 둔산북로 51, KT충남본부 (둔산동)","대전광역시 서구 둔산북로 51, KT충남본부 (둔산동)",사용중,나눔테크,대한민국,NT-381C
73,KT충남충북광역본부,공개 불가(휴대전화번호),"대전광역시 서구 둔산북로 51, KT충남본부 (둔산동)","대전광역시 서구 둔산북로 51, KT충남본부 (둔산동)",사용중,나눔테크,한국,NT-381.O
74,KT충남충북광역본부,공개 불가(휴대전화번호),"대전광역시 서구 둔산북로 51, KT충남본부 (둔산동)","대전광역시 서구 둔산북로 51, KT충남본부 (둔산동)",사용중,나눔테크,한국,Heartkeeper
75,재단법인한국특허기술진흥원,042-719-2400,대전광역시 서구 문정로48번길 48(탄방동),대전광역시 서구 문정로48번길 48(탄방동),사용중,라디안큐바이오,대한민국,HR-503
76,현대건설힐스테이트둔산현장,공개 불가(휴대전화번호),"대전광역시 서구 둔산중로 19, 탄방동 591 건설현장 (탄방동)","대전광역시 서구 둔산중로 19, 탄방동 591 건설현장 (탄방동)",사용중,씨유메디칼시스템,대한민국,CU-SP1 PLUS
77,목원대학교,042-829-7196,"대전광역시 서구 도안북로 88, 목원대학교 (도안동)","대전광역시 서구 도안북로 88, 목원대학교 (도안동)",사용중,나눔테크,대한민국,heartplus NT-180
78,목원대학교,042-829-7196,"대전광역시 서구 도안북로 88, 목원대학교 (도안동)","대전광역시 서구 도안북로 88, 목원대학교 (도안동)",사용중,메디아나,대한민국,A15-G4
79,목원대학교,042-829-7196,"대전광역시 서구 도안북로 88, 목원대학교 (도안동)","대전광역시 서구 도안북로 88, 목원대학교 (도안동)",사용중,나눔테크,대한민국,heartplus NT-180
80,목원대학교,042-829-7196,"대전광역시 서구 도안북로 88, 목원대학교 (도안동)","대전광역시 서구 도안북로 88, 목원대학교 (도안동)",사용중,나눔테크,대한민국,heartplus NT-180
81,목원대학교,042-829-7196,"대전광역시 서구 도안북로 88, 목원대학교 (도안동)","대전광역시 서구 도안북로 88, 목원대학교 (도안동)",사용중,나눔테크,대한민국,heartplus NT-180
82,대전광역시교육청,042-616-8506,"대전광역시 서구 둔산로 89, 대전광역시교육청 (둔산동)","대전광역시 서구 둔산로 89, 대전광역시교육청 (둔산동)",사용중,씨유메디칼,대한민국,CU-SP1
83,대전광역시교육청,042-616-8506,"대전광역시 서구 둔산로 89, 대전광역시교육청 (둔산동)","대전광역시 서구 둔산로 89, 대전광역시교육청 (둔산동)",사용중,씨유메디칼,대한민국,CU-sp1
84,대전만년초등학교,042-485-5765,"대전광역시 서구 만년남로 14, 대전만년초등교 (만년동)","대전광역시 서구 만년남로 14, 대전만년초등교 (만년동)",사용중,나눔테크,대한민국,NT-280
85,대전어울림유치원,042-582-0077,대전광역시 서구 복수중로 24(복수동),대전광역시 서구 복수중로 24(복수동),사용중,나눔테크,대한민국,NT-381.C
86,트리풀시티레이크포레아파트,042-546-7797,"대전광역시 서구 도안동로 234(도안동, 트리풀시티 레이크포레)","대전광역시 서구 도안동로 234(도안동, 트리풀시티 레이크포레)",사용중,라디안큐바이오,대한민국,HR-501
87,대전고용센터,042-480-6070,"대전광역시 서구 문정로 56, 대전고용복지플러스센터 (탄방동)","대전광역시 서구 문정로 56, 대전고용복지플러스센터 (탄방동)",사용중,메디아나,한국,HeartOnA16-DF
88,은하수유치원,042-485-3347,"대전광역시 서구 둔산남로 15(둔산동, 은하수아파트)","대전광역시 서구 둔산남로 15(둔산동, 은하수아파트)",사용중,나눔테크,대한민국,NT-381C
89,아이비유치원,042-484-8448,대전광역시 서구 신갈마로 264(갈마동),대전광역시 서구 신갈마로 264(갈마동),사용중,나눔테크,대한민국,NT-381c
90,대전곤충생태관,042-270-5273,"대전광역시 서구 둔산대로 191, 대전곤충생태관 (만년동)","대전광역시 서구 둔산대로 191, 대전곤충생태관 (만년동)",사용중,나눔테크,대한민국,NT-381C
91,을지대학교병원,042-259-1119,대전광역시 서구 둔산동 1306 을지대학병원,"대전광역시 서구 둔산서로 95, 을지대학병원 (둔산동)",사용중,메디아나,대한민국,Hearton A15-G4
92,괴정동행정복지센터,042-288-5305,"대전광역시 서구 가장로 57, 괴정동행정복지센터 (괴정동)","대전광역시 서구 가장로 57, 괴정동행정복지센터 (괴정동)",사용중,메디아나,대한민국,HeartOn A16-DF
93,탄방동행정복지센터,042-288-5188,"대전광역시 서구 탄방로7번길 97, 탄방동행정복지센터 (탄방동)","대전광역시 서구 탄방로7번길 97, 탄방동행정복지센터 (탄방동)",사용중,메디아나,한국,HeartOn A16-DF
94,도안동행정복지센터,042-288-5690,"대전광역시 서구 원도안로242번길 33, 도안동 행정복지센터 (도안동)","대전광역시 서구 원도안로242번길 33, 도안동 행정복지센터 (도안동)",사용중,메디아나,한국,HeartOn A16-DF
95,도마e편한세상포레나아파트,042-586-9500,대전광역시 서구 도마동 584 도마 e편한세상 포레나,"대전광역시 서구 도산로 8 (도마동, 도마 e편한세상 포레나)",사용중,메디아나,한국,HeartOn A15-G4
96,갈마1동행정복지센터,042-288-5390,"대전광역시 서구 신갈마로 191, 갈마1동행정복지센터 (갈마동)","대전광역시 서구 신갈마로 191, 갈마1동행정복지센터 (갈마동)",사용중,메디아나,한국,HeartOn A16-DF
97,기성동행정복지센터,042-288-5660,대전광역시 서구 흑석1길 16(흑석동),대전광역시 서구 흑석1길 16(흑석동),사용중,메디아나,한국,HeartOn A16-DF
98,한국남동발전기술지원처,070-4486-7047,대전광역시 서구 관저로 7-3(관저동),대전광역시 서구 관저로 7-3(관저동),사용중,라디안큐바이오,한국,HR-501
99,관저2동행정복지센터,042-288-5630,"대전광역시 서구 관저중로 82, 관저2동행정복지센터 (관저동)","대전광역시 서구 관저중로 82, 관저2동행정복지센터 (관저동)",사용중,메디아나,한국,HeartOn A16-DF
100,갈마2동행정복지센터,042-288-5420,"대전광역시 서구 대덕대로 147, 갈마2동행정복지센터 (갈마동)","대전광역시 서구 대덕대로 147, 갈마2동행정복지센터 (갈마동)",사용중,메디아나,한국,HeartOn A16-DF
101,월평2동행정복지센터,042-288-5480,"대전광역시 서구 갈마역로 145, 월평2동행정복지센터 (월평동)","대전광역시 서구 갈마역로 145, 월평2동행정복지센터 (월평동)",사용중,메디아나,한국,HeartOn A16-DF
102,관저1동행정복지센터,042-288-5600,"대전광역시 서구 관저북로 24, 관저1동행정복지센터 (관저동)","대전광역시 서구 관저북로 24, 관저1동행정복지센터 (관저동)",사용중,메디아나,한국,HeartOn A16-DF
103,만년동행정복지센터,042-288-5540,"대전광역시 서구 만년로 19, 만년동행정복지센터 1층 (만년동)","대전광역시 서구 만년로 19, 만년동행정복지센터 (만년동)",사용중,메디아나,한국,hearton A16-DF
104,대전호수초등학교,042-365-7347,대전광역시 서구 도안동로 182-20(도안동),"대전광역시 서구 도안동로 182-20, 1층 (도안동)",사용중,라디안큐바이오,한국,HR-503-KT
105,대전고등검찰청,042-470-3272,"대전광역시 서구 둔산중로78번길 15, 대전지방검찰청 (둔산동)","대전광역시 서구 둔산중로78번길 15, 대전지방검찰청 (둔산동)",사용중,씨유메디칼시스템,한국,i-pad MC100
106,대전고등검찰청,042-470-3272,"대전광역시 서구 둔산중로78번길 15, 대전지방검찰청 (둔산동)","대전광역시 서구 둔산중로78번길 15, 대전지방검찰청 (둔산동)",사용중,라디안큐바이오,한국,HR-503
107,대전고등검찰청,042-470-3272,"대전광역시 서구 둔산중로78번길 15, 대전지방검찰청 (둔산동)","대전광역시 서구 둔산중로78번길 15, 대전지방검찰청 (둔산동)",사용중,라디안큐바이오,한국,HR-503
108,대전고등검찰청,042-470-3272,"대전광역시 서구 둔산중로78번길 15, 대전지방검찰청 (둔산동)","대전광역시 서구 둔산중로78번길 15, 대전지방검찰청 (둔산동)",사용중,씨유메디칼시스템,한국,i-pad MC100
109,대전고등검찰청,042-470-3272,"대전광역시 서구 둔산중로78번길 15, 대전지방검찰청 (둔산동)","대전광역시 서구 둔산중로78번길 15, 대전지방검찰청 (둔산동)",사용중,(주)씨유메디칼시스템,대한민국,CU-SP1
110,내동행정복지센터,042-288-5366,"대전광역시 서구 도솔로 247, 내동행정복지센터 (내동)","대전광역시 서구 도솔로 247, 내동행정복지센터 (내동)",사용중,메디아나,한국,A16
111,대전지방고용노동청,042-480-6290,"대전광역시 서구 둔산북로90번길 34, 대전지방노동청 (둔산동)","대전광역시 서구 둔산북로90번길 34, 대전지방노동청 (둔산동)",사용중,(주)메디아나,한국,HeartOn A16-DF
112,대전삼천초등학교,042-486-0750,"대전광역시 서구 둔산북로 232-33, 삼천초등학교 (둔산동)","대전광역시 서구 둔산북로 232-33, 삼천초등학교 (둔산동)",사용중,씨유메디칼시스템,한국,CU-SP1
113,대전도솔초등학교,042-540-0114,"대전광역시 서구 원도안로 80, 대전도솔초등학교 (도안동)","대전광역시 서구 원도안로 80, 대전도솔초등학교 (도안동)",사용중,씨유메디칼,한국,NF1200
114,용문동행정복지센터,042-288-5150,"대전광역시 서구 계룡로 626-1, 용문동 행정복지센터 (용문동)","대전광역시 서구 계룡로 626-1, 용문동 행정복지센터 (용문동)",사용중,메디아나,대한민국,HeartOn A16-DF
115,월평1동행정복지센터,042-288-5450,"대전광역시 서구 월평서로 13, 월평1동행정복지센터 (월평동)","대전광역시 서구 월평서로 13, 월평1동행정복지센터 (월평동)",사용중,라디안큐바이오,한국,HR-503
116,도마2동행정복지센터,042-288-5069,대전광역시 서구 도마동 155-16 도마2동행정복지센터,"대전광역시 서구 도림1길 14, 도마2동행정복지센터 (도마동)",사용중,씨유메디칼시스템,대한민국,CU-SP1 Plus
117,복수동행정복지센터,042-288-5005,"대전광역시 서구 복수동로 49, 복수동행정복지센터 (복수동)","대전광역시 서구 복수동로 49, 복수동행정복지센터 (복수동)",사용중,씨유메디칼시스템,한국,CU-SP1 Plus
118,도마1동행정복지센터,042-288-5030,대전광역시 서구 도마동 132-5 도마1동 행정복지센터,"대전광역시 서구 도마3길 46, 도마1동 행정복지센터 (도마동)",사용중,씨유메디칼시스템,대한민국,CU-SP1
119,롯데백화점대전점,042-601-3251,"대전광역시 서구 계룡로 598, 롯데백화점 1층 (괴정동)","대전광역시 서구 계룡로 598, 롯데백화점 1층 (괴정동)",사용중,씨유메디칼시스템,대한민국,CU-SP1 Plus
120,롯데백화점대전점,042-601-3251,"대전광역시 서구 계룡로 598, 롯데백화점 1층 (괴정동)","대전광역시 서구 계룡로 598, 롯데백화점 1층 (괴정동)",사용중,라디안큐바이오,대한민국,HR-501
121,바른생각병원,042-337-0026,"대전광역시 서구 청사로 128, 5층 (월평동)","대전광역시 서구 청사로 128, 5~8층 (월평동)",사용중,라디안큐바이오,대한민국,HR-501
122,바른생각병원,042-337-0026,"대전광역시 서구 청사로 128, 5층 (월평동)","대전광역시 서구 청사로 128, 5~8층 (월평동)",사용중,라디안큐바이오,대한민국,HR-501
123,둔산도서관,042-288-4800,"대전광역시 서구 청사로 263, 둔산도서관 (둔산동)","대전광역시 서구 청사로 263, 둔산도서관 (둔산동)",사용중,(주)나눔테크,대한민국,NT-381.C
124,대전시설관리공단,042-483-8603,대전광역시 서구 신갈마로230번길 77,대전광역시 서구 신갈마로230번길 77,사용중,Hearsine,영국,Samarita PAD 500P
125,LH대전충남지역본부,042-470-0136,"대전광역시 서구 둔산중로 108, LH 대전충남지역본부 (둔산동)","대전광역시 서구 둔산중로 108, LH 대전충남지역본부 (둔산동)",사용중,메디아나,한국,자동심장충격기
126,e편한세상둔산아파트,042-537-4257,"대전광역시 서구 계룡로615번길 82(탄방동, e편한세상 둔산)","대전광역시 서구 계룡로615번길 82(탄방동, e편한세상 둔산)",사용중,라디안큐바이오,대한민국,HR-501
127,대전도솔유치원,042-545-7711,대전광역시 서구 원도안로 80(도안동),대전광역시 서구 원도안로 80(도안동),사용중,(주)메디아나,대한민국,HeartOn A15-G4
128,대전지방식품의약품안전청,042-480-8704,"대전광역시 서구 청사로 166, 대전지방식품의약품안전청 (둔산동)","대전광역시 서구 청사로 166, 대전지방식품의약품안전청 (둔산동)",사용중,씨유메디칼시스템,대한민국,I-PAD NFK200
129,갈마도서관,042-288-4740,"대전광역시 서구 신갈마로127번길 138, 갈마도서관 (갈마동)","대전광역시 서구 신갈마로127번길 138, 갈마도서관 (갈마동)",사용중,(주)나눔테크,대한민국,NT-381
130,변동행정복지센터,042-288-5120,"대전광역시 서구 중반5길 133, 변동행정복지센터 (변동)","대전광역시 서구 중반5길 133, 변동행정복지센터 (변동)",사용중,(주)나눔테크,대한민국,NT-381
131,가수원도서관,042-288-4770,"대전광역시 서구 가수원로 91-11, 가수원도서관 (가수원동)","대전광역시 서구 가수원로 91-11, 가수원도서관 (가수원동)",사용중,(주)나눔테크,대한민국,NT-381.C
132,대전둔산경찰서,042-600-5656,"대전광역시 서구 한밭대로 733, 대전둔산경찰서 (둔산동)","대전광역시 서구 한밭대로 733, 대전둔산경찰서 (둔산동)",사용중,라디안큐바이오,대한민국,HR-501
133,대전둔산경찰서,042-600-5656,"대전광역시 서구 한밭대로 733, 대전둔산경찰서 (둔산동)","대전광역시 서구 한밭대로 733, 대전둔산경찰서 (둔산동)",사용중,라디안큐바이오,대한민국,HR-501
134,(사)대한노인회대전서구지회,042-526-4832,대전광역시 서구 계룡로342번길 28 (갈마동),대전광역시 서구 계룡로342번길 28 (갈마동),사용중,필립스,미국,Heartstart HS1
135,밝은누리안과병원,042-485-6644,대전광역시 서구 둔산로 61 (둔산동),대전광역시 서구 둔산로 61 (둔산동),사용중,나눔테크,대한민국,저출력자동심장충격기
136,대전세종충남혈액원 헌혈의집 둔산센터,042-486-2166,"대전광역시 서구 대덕대로 199, 5층 (둔산동)","대전광역시 서구 대덕대로 199, 5층 (둔산동)",사용중,(주)나눔테크,대한민국,NT-5000
137,대전백운초등학교,042-536-2101,"대전광역시 서구 계룡로576번길 56, 백운초등학교 (괴정동)","대전광역시 서구 계룡로576번길 56, 백운초등학교 (괴정동)",사용중,(주)나눔테크,대한민국,ReHeart Trainer
138,대전지방경찰청,042-609-2521,"대전광역시 서구 둔산중로 77, 대전지방경찰청 (둔산동)","대전광역시 서구 둔산중로 77, 대전지방경찰청 (둔산동)",사용중,(주)씨유메디칼시스템,대한민국,CU-SPR
139,둔산1동행정복지센터,042-288-5213,"대전광역시 서구 둔산중로 65, 둔산1동행정복지센터 (둔산동)","대전광역시 서구 둔산중로 65, 둔산1동행정복지센터 (둔산동)",사용중,(주)씨유메디칼시스템,대한민국,CU-SPR
140,서구노인복지관,042-488-6297,"대전광역시 서구 남선로 66, 서구노인복지관 (탄방동)","대전광역시 서구 남선로 66, 서구노인복지관 (탄방동)",사용중,(주)씨유메디칼시스템,대한민국,CU-SPR
141,가장동행정복지센터,042-288-5330,"대전광역시 서구 들말4길 6, 가장동행정복지센터 (가장동)","대전광역시 서구 들말4길 6, 가장동행정복지센터 (가장동)",사용중,(주)씨유메디칼시스템,대한민국,CU-SPR
142,한국산림복지진흥원,042-719-4054,"대전광역시 서구 둔산북로 121, 아너스빌오피스텔 3층 (둔산동)","대전광역시 서구 둔산북로 121, 아너스빌오피스텔 3층 (둔산동)",사용중,(주)라디안큐바이오,대한민국,HR-503
143,한국산림복지진흥원,042-719-4054,"대전광역시 서구 둔산북로 121, 아너스빌오피스텔 3층 (둔산동)","대전광역시 서구 둔산북로 121, 아너스빌오피스텔 3층 (둔산동)",사용중,(주)라디안큐바이오,대한민국,HR-503
144,탄탄병원,042-476-0001,대전광역시 서구 계룡로553번길 72 (탄방동),대전광역시 서구 계룡로553번길 72 (탄방동),사용중,메디아나,한국,A15-G4
145,탄탄병원,042-476-0001,대전광역시 서구 계룡로553번길 72 (탄방동),대전광역시 서구 계룡로553번길 72 (탄방동),사용중,메디아나,한국,A15-G4
146,통계청,042-481-2018,"대전광역시 서구 청사로 189, 정부대전청사 3동 16층 (둔산동)","대전광역시 서구 청사로 189, 정부대전청사 3동 16층 (둔산동)",사용중,라이안큐바이오,대한민국,HR-503
147,온누리좋은요양병원,042-719-1117,"대전광역시 서구 동서대로 1147, 온누리크리닉 (가장동)","대전광역시 서구 동서대로 1147, 온누리크리닉 (가장동)",사용중,(주)라디안큐바이오,한국,HR-501
148,의료법인삼영의료재단둔산병원,042-488-4671,대전광역시 서구 괴정동 3-18 삼영빌딩,"대전광역시 서구 계룡로 568, 4~6층 (괴정동, 삼영빌딩)",사용중,메디아나,한국,HeartOnA10
149,써지탑병원,042-484-9898,대전광역시 서구 대덕대로 238 (둔산동),대전광역시 서구 대덕대로 238 (둔산동),사용중,(주)나눔테크,한국,HeartKeeper
150,킴벨피부과병원,042-471-7575,대전광역시 서구 대덕대로 238 (둔산동),대전광역시 서구 대덕대로 238 (둔산동),사용중,(주)나눔테크,한국,HeartSAver NT-285
151,글로벌삼육오엠씨병원,042-488-3653,"대전광역시 서구 대덕대로 194, 백마빌딩 (둔산동)","대전광역시 서구 대덕대로 194, 백마빌딩 (둔산동)",사용중,라디안큐바이오,한국,HR 501
152,대전센텀병원,042-481-0100,대전광역시 서구 청사로 234 (둔산동),대전광역시 서구 청사로 234 (둔산동),사용중,메디아나,한국,A15-G4
153,의료법인정다운의료재단 나진요양병원,042-520-6516,"대전광역시 서구 갈마로 122, 나진요양병원 (괴정동)","대전광역시 서구 갈마로 122, 나진요양병원 (괴정동)",사용중,메디아나,한국,HeartOnA15-G4
154,푸른요양병원,042-483-9975,"대전광역시 서구 월평중로 24, 푸른크리닉 (월평동)","대전광역시 서구 월평중로 24, 푸른크리닉 (월평동)",사용중,(주)씨유메디칼시스템,한국,i-PAD NF1200
155,허리사랑병원,042-528-7588,"대전광역시 서구 계룡로 618, 허리사랑병원 (괴정동)","대전광역시 서구 계룡로 618, 허리사랑병원 (괴정동)",사용중,메디아나,한국,HeartON A15-G4
156,바른생각병원,042-337-0001,대전광역시 서구 청사로 128 (월평동),대전광역시 서구 청사로 128 (월평동),사용중,니혼코덴,일본,AED-2100K
157,미즈여성병원,042-483-3575,"대전광역시 서구 문정로2번길 95, 주안빌딩 (탄방동)","대전광역시 서구 문정로2번길 95, 주안빌딩 (탄방동)",사용중,나눔테크,한국,Heart Keeper
158,탄탄병원,042-476-0001,대전광역시 서구 계룡로553번길 72 (탄방동),대전광역시 서구 계룡로553번길 72 (탄방동),사용중,메디아나,한국,HeartOn A15-G4
159,마인드병원,042-528-6500,대전광역시 서구 대덕대로242번길 48 (둔산동),대전광역시 서구 대덕대로242번길 48 (둔산동),사용중,(주)나눔테크,한국,Heartkeeper
160,고운손병원,042-472-7445,"대전광역시 서구 둔산서로 59, 고운손빌딩 (둔산동)","대전광역시 서구 둔산서로 59, 고운손빌딩 (둔산동)",사용중,(주)메디아나,한국,HeartOnA15-G4
161,서울여성병원,042-488-8275,"대전광역시 서구 문정로 7, 신한일빌딩 (둔산동)","대전광역시 서구 문정로 7, 신한일빌딩 (둔산동)",사용중,나눔테크,한국,HeartKeeper
162,에스앤케이병원,042-476-9000,대전광역시 서구 둔산동 963,"대전광역시 서구 둔산북로 36, 3,4,5층 (둔산동)",사용중,니혼코덴,일본,AED-2100K
163,탄방엠블병원,1899-2955,대전광역시 서구 문정로48번길 70 (탄방동),대전광역시 서구 문정로48번길 70 (탄방동),사용중,(주)나눔테크,한국,HeartKeeper
164,다빈치병원,1566-9852,"대전광역시 서구 계룡로553번길 60, 다빈치병원 (탄방동)","대전광역시 서구 계룡로553번길 60, 다빈치병원 (탄방동)",사용중,니혼코덴,일본,AED-2100K
165,더블유여성병원,042-485-7777,"대전광역시 서구 문정로48번길 70, 3층 (탄방동)",대전광역시 서구 문정로48번길 70 (탄방동),사용중,나눔테크,한국,A-170
166,가톨릭병원,042-280-5928,"대전광역시 서구 도산로 351, 가톨릭병원 (용문동)","대전광역시 서구 도산로 351, 가톨릭병원 (용문동)",사용중,니혼코덴,일본,AED-2100K
167,성심요양병원,042-533-8275,대전광역시 서구 갈마로 45 (갈마동),대전광역시 서구 갈마로 45 (갈마동),사용중,(주)메디아나,한국,REF A10M-G4-OK
168,서울영상의학과의원,042-472-7501,대전광역시 서구 문정로 30 (탄방동),대전광역시 서구 문정로 30 (탄방동),사용중,(주)나눔테크,한국,HeartKeeper
169,대전우리병원,1577-0052,대전광역시 서구 문정로48번길 70 (탄방동),대전광역시 서구 문정로48번길 70 (탄방동),사용중,메디아나,한국,HeartOnA15-G4
170,동양굿모닝영상의학과의원,042-523-1114,대전광역시 서구 계룡로 607 (탄방동),대전광역시 서구 계룡로 607 (탄방동),사용중,메디아나,한국,HeartOnA15-G4
171,의료법인지덕사의료재단양녕요양병원,042-528-0001,"대전광역시 서구 신갈마로 126, 양녕요양병원 (갈마동)","대전광역시 서구 신갈마로 126, 양녕요양병원 (갈마동)",사용중,니혼코덴,일본,AED-2100K
172,마라톤정형외과병원,042-719-1199,대전광역시 서구 둔산남로 87 (둔산동),대전광역시 서구 둔산남로 87 (둔산동),사용중,(주)라디안큐바이오,한국,HeartGuardianHR-501
173,조이병원,042-485-2235,"대전광역시 서구 계룡로553번길 18, 조이빌딩 (탄방동)","대전광역시 서구 계룡로553번길 18, 조이빌딩 (탄방동)",사용중,메디아나,한국,A15M-G4-OK
174,의료법인대전참사랑의료재단대전참사랑요양병원,042-478-9922,"대전광역시 서구 계룡로491번길 8 (둔산동, 갤러리빌4차)","대전광역시 서구 계룡로491번길 8 (둔산동, 갤러리빌4차)",사용중,(주)메디아나,메디아나,A15M-G4-OK
175,의료법인선사인혜요양병원,042-472-0129,대전광역시 서구 대덕대로317번길 26 (월평동),대전광역시 서구 대덕대로317번길 26 (월평동),사용중,(주)메디아나,한국,HeartOnA15-G4
176,연합정형외과병원,042-536-0911,대전광역시 서구 계룡로 619 (탄방동),대전광역시 서구 계룡로 619 (탄방동),사용중,메디아나,한국,A15
177,글로벌삼육오엠씨병원,042-488-3653,"대전광역시 서구 대덕대로 194, 백마빌딩 (둔산동)","대전광역시 서구 대덕대로 194, 백마빌딩 (둔산동)",사용중,SCHILLERMEDICAL,미국,DEFIGARD5000
178,보아스요양병원,042-537-2000,대전광역시 서구 변동 12번지 9호,대전광역시 서구 도산로 224 (변동),사용중,메디아나,한국,Hearton A15-G4
179,사회복지법인한마음정신병원,042-582-9700,대전광역시 서구 장안동 513번지,대전광역시 서구 삼보실길 123 (장안동),사용중,RADIAN,대한민국,HR-501
180,문화재청,042-481-4633,대전광역시 서구 청사로 189,대전광역시 서구 청사로 189,사용중,(주)씨유메디칼,한국,CU-SP1
181,대전추모공원,042-602-2512,대전광역시 서구 상보안윗길 160 (괴곡동),대전광역시 서구 상보안윗길 160 (괴곡동),사용중,필립스,일본,HeratStart HS1
182,복수센터럴자이아파트,042-716-7046,"대전광역시 서구 복수서로 15, 1층 (복수동, 복수센트럴자이)","대전광역시 서구 복수서로 15, 1층 (복수동, 복수센트럴자이)",사용중,라디안큐바이오,한국,HR-501스탠드형
183,대전청사관리소,042-481-6014,"대전광역시 서구 청사로 189, 정부대전청사 (둔산동)","대전광역시 서구 청사로 189, 정부대전청사 (둔산동)",사용중,(주)라디안큐바이오,한국,Heart Guardian
184,대전청사관리소,042-481-6014,"대전광역시 서구 청사로 189, 정부대전청사 (둔산동)","대전광역시 서구 청사로 189, 정부대전청사 (둔산동)",사용중,씨유메디칼시스템,대한민국,I-PAD MC100
185,대전청사관리소,042-481-6014,"대전광역시 서구 청사로 189, 정부대전청사 (둔산동)","대전광역시 서구 청사로 189, 정부대전청사 (둔산동)",사용중,씨유메디칼시스템,대한민국,I-PAD MC100
186,대전청사관리소,042-481-6014,"대전광역시 서구 청사로 189, 정부대전청사 (둔산동)","대전광역시 서구 청사로 189, 정부대전청사 (둔산동)",사용중,씨유메디칼시스템,대한민국,I-PAD MC100
187,대전청사관리소,042-481-6014,"대전광역시 서구 청사로 189, 정부대전청사 (둔산동)","대전광역시 서구 청사로 189, 정부대전청사 (둔산동)",사용중,라디안큐바이오,대한민국,Heart guardian
188,대전고암미술문화재단(이응노미술관),,"대전광역시 서구 둔산대로 157, 이응노미술관 (만년동)","대전광역시 서구 둔산대로 157, 이응노미술관 (만년동)",사용중,라디안큐바이오,대한민국,HR-501B
189,큰마을아파트,042-522-0365,대전광역시 서구 대덕대로 150,대전광역시 서구 대덕대로 150,사용중,(주)씨유메디컬시스템,한국,NF1200
190,도솔청소년문화의집,042-525-1913,"대전광역시 서구 도마동 426 도솔다목적체육관, 청소년문화의집","대전광역시 서구 배재로197번길 41, 도솔다목적체육관, 청소년문화의집 (도마동)",사용중,(주)나눔테크,한국,NT-381.C
191,관저더샵2차아파트,042-542-9741,"대전광역시 서구 구봉산북로 52 (관저동, 관저더샵2차)","대전광역시 서구 구봉산북로 52 (관저동, 관저더샵2차)",사용중,라디안,한국,HR-503-KT
192,대전광역시도시철도공사(탄방역),042-539-3610,대전광역시 서구 월평동 160번지 20호 대전광역시도시철도공사,"대전광역시 서구 월드컵대로 480, 대전광역시도시철도공사 (월평동)",사용중,(주)씨유메디칼시스템,한국,CU-SP1
193,대전교통공사(정부청사역),042-539-3612,"대전광역시 서구 한밭대로 지하 744 대합실, 판암역방면 상선승강장, 반석역방면 하선승강장 (둔산동)",대전광역시 서구 한밭대로 지하 744  (둔산동),사용중,(주)씨유메디칼시스템,한국,CU-SP1
194,대전서부소방서,042-270-1747,대전광역시 서구 복수서로 67,대전광역시 서구 복수서로 67,사용중,니혼코텐,일본,EMS-1052
195,대전서부소방서,042-270-1747,대전광역시 서구 복수서로 67,대전광역시 서구 복수서로 67,사용중,니혼코텐,일본,EMS-1052
196,대전서부소방서,042-270-1747,대전광역시 서구 복수서로 67,대전광역시 서구 복수서로 67,사용중,니혼코덴,일본,EMS-1052
197,대전서부소방서,042-270-1747,대전광역시 서구 복수서로 67,대전광역시 서구 복수서로 67,사용중,니혼코덴,일본,TEC-8352K
198,대전서부소방서,042-270-1747,대전광역시 서구 복수서로 67,대전광역시 서구 복수서로 67,사용중,니혼코덴,일본,EMS-1052
199,대전서부소방서,042-270-1747,대전광역시 서구 복수서로 67,대전광역시 서구 복수서로 67,사용중,ZOLL,대한민국,Xseries
200,대전서부소방서,042-270-1747,대전광역시 서구 복수서로 67,대전광역시 서구 복수서로 67,사용중,니혼코텐,일본,EMS-1052
201,대전서부소방서,042-270-1747,대전광역시 서구 복수서로 67,대전광역시 서구 복수서로 67,사용중,니혼코텐,일본,TEC-8352K
202,대전서부소방서,042-270-1747,대전광역시 서구 복수서로 67,대전광역시 서구 복수서로 67,사용중,zoll medical,미국,zoll x series
203,대전광역시서구의회,042-288-4940,대전광역시 서구 둔산서로 100,대전광역시 서구 둔산서로 100,사용중,(주)씨유메디칼시스템,대한민국,CU-SPR
204,둔산3동행정복지센터,042-288-5276,대전광역시 서구 둔산북로 232-52  (둔산동),대전광역시 서구 둔산북로 232-52  (둔산동),사용중,씨유메디칼시스템,한국,cu-sp1 plus
205,CGV대전탄방,042-486-0521,대전광역시 서구 문정로 85,대전광역시 서구 문정로 85,사용중,(주)나눔테크,대한민국,저출력심장충격기
206,CGV대전탄방,042-486-0521,대전광역시 서구 문정로 85,대전광역시 서구 문정로 85,사용중,(주)나눔테크,대한민국,저출력심장충격기
207,CGV대전탄방,042-486-0521,대전광역시 서구 문정로 85,대전광역시 서구 문정로 85,사용중,(주)나눔테크,대한민국,저출력심장충격기
208,CGV대전탄방,042-486-0521,대전광역시 서구 문정로 85,대전광역시 서구 문정로 85,사용중,(주)나눔테크,대한민국,저출력심장충격기
209,CGV대전탄방,042-486-0521,대전광역시 서구 문정로 85,대전광역시 서구 문정로 85,사용중,(주)나눔테크,대한민국,저출력심장충격기
210,CGV대전탄방,042-486-0521,대전광역시 서구 문정로 85,대전광역시 서구 문정로 85,사용중,(주)나눔테크,대한민국,저출력심장충격기
211,내동 서우아파트,042-532-6487,"대전광역시 서구 동서대로 994 103동 1층 현관 (내동, 서우아파트)","대전광역시 서구 동서대로 994 내동서우아파트 (내동, 서우아파트)",사용중,(주)라디안,한국,HR-501-B
212,내동 서우아파트,042-532-6487,"대전광역시 서구 동서대로 994 103동 1층 현관 (내동, 서우아파트)","대전광역시 서구 동서대로 994 내동서우아파트 (내동, 서우아파트)",사용중,(주)라디안,한국,HR-501-B
213,내동 서우아파트,042-532-6487,"대전광역시 서구 동서대로 994 103동 1층 현관 (내동, 서우아파트)","대전광역시 서구 동서대로 994 내동서우아파트 (내동, 서우아파트)",사용중,(주)라디안,한국,HR-501-B
214,한국교통안전공단 대전자동차검사소,042-523-5095,대전광역시 서구 변동로 44 1층 입구 (변동),대전광역시 서구 변동로 44 1층 입구 (변동),사용중,씨유메디칼시스템,한국,CU-SP1
215,한국교통안전공단 대전자동차검사소,042-523-5095,대전광역시 서구 변동로 44 1층 입구 (변동),대전광역시 서구 변동로 44 1층 입구 (변동),사용중,씨유메디칼시스템,한국,CU1-Plus
216,월평3동 행정복지센터,042-288-5510,대전광역시 서구 월평동 310번지 월평3동행정복지센터,"대전광역시 서구 청사로 27-9, 월평3동행정복지센터 1층 (월평동)",사용중,씨유메디칼시스템,한국,cu-sp1 plus
217,둔산2동 행정복지센터,042-288-5240,대전광역시 서구 둔산서로 80 1층 입구 (둔산동),대전광역시 서구 둔산서로 80 1층 입구 (둔산동),사용중,씨유메디칼시스템,한국,CU-SP1
218,월평타운아파트,042-523-2203,"대전광역시 서구 계룡로264번길 4 관리사무소 (월평동, 월평타운)","대전광역시 서구 계룡로264번길 4  (월평동, 월평타운)",사용중,씨유메디칼시스템,한국,cu-sp plus
219,가수원동행정복지센터,042-288-5574,대전광역시 서구 가수원로 105  (가수원동),대전광역시 서구 가수원로 105  (가수원동),사용중,씨유메디칼시스템,한국,cu-sp1 plus
220,관저더샵1차아파트,042-545-9928,"대전광역시 서구 관저서로 19, 관리사무소","대전광역시 서구 관저서로 19  (관저동, 관저더샵)",사용중,(주)라디안,한국,저출력심장충격기
221,관저더샵1차아파트,042-545-9928,"대전광역시 서구 관저서로 19, 관리사무소","대전광역시 서구 관저서로 19  (관저동, 관저더샵)",사용중,(주)라디안,한국,저출력심장충격기
222,관저예미지 명가의 풍경,042-544-3435,"대전광역시 서구 관저중로 33 관리사무소 내 (관저동, 관저예미지 명가의 풍경)","대전광역시 서구 관저중로 33  (관저동, 관저예미지 명가의 풍경)",사용중,라디안,한국,저출력심장충격기
223,관저예미지 명가의 풍경,042-544-3435,"대전광역시 서구 관저중로 33 관리사무소 내 (관저동, 관저예미지 명가의 풍경)","대전광역시 서구 관저중로 33  (관저동, 관저예미지 명가의 풍경)",사용중,라디안,한국,저출력심장충격기
224,대전도안중학교,042-545-9701,대전광역시 서구 원도안로 160  (도안동),대전광역시 서구 원도안로 160  (도안동),사용중,라디안,한국,HR-501
225,오량마을마루미아파트,042-586-6760,"대전광역시 서구 복수중로 30  (복수동, 오량마을마루미)","대전광역시 서구 복수중로 30  (복수동, 오량마을마루미)",사용중,(주)라디안,대한민국,d
226,은뜰마을,042-484-1950,대전광역시 서구 월평동 218-7 은뜰마을,"대전광역시 서구 월평북로 13(월평동, 은뜰마을)",사용중,(주)라디안,대한민국,HR-501-B
227,삼익목화1차아파트,042-583-4913,"대전광역시 서구 복수서로 50 106동 경비초소 (복수동, 삼익목화아파트)","대전광역시 서구 복수서로 50  (복수동, 삼익목화아파트)",사용중,(주)라디안,대한민국,HR-501
228,삼익목화1차아파트,042-583-4913,"대전광역시 서구 복수서로 50 106동 경비초소 (복수동, 삼익목화아파트)","대전광역시 서구 복수서로 50  (복수동, 삼익목화아파트)",사용중,(주)라디안,한국,HeartKeeper
229,한마루럭키아파트,042-482-6534,"대전광역시 서구 둔산북로 160 관리동 1층 (둔산동, 한마루아파트)","대전광역시 서구 둔산북로 160  (둔산동, 한마루아파트)",사용중,(주)나눔테크,한국,HeartKeeper
230,정림우성아파트,042-582-8211,"대전광역시 서구 정림로 55 11초소 (정림동, 우성아파트1차)","대전광역시 서구 정림로 55  (정림동, 우성아파트1차)",사용중,(주)나눔테크,한국,Heart Keeper
231,정림우성아파트,042-582-8211,"대전광역시 서구 정림로 55 11초소 (정림동, 우성아파트1차)","대전광역시 서구 정림로 55  (정림동, 우성아파트1차)",사용중,(주)나눔테크,한국,Heart Keeper
232,보라1단지 아파트,042-482-0166,"대전광역시 서구 둔산로 241  (둔산동, 보라아파트)","대전광역시 서구 둔산로 241  (둔산동, 보라아파트)",사용중,(주)씨유메디칼,한국,CU-SP1
233,구봉마을5단지 아파트,042-545-9051,"대전광역시 서구 관저로 51 경비실 제5초소 측벽 (관저동, 구봉마을)","대전광역시 서구 관저로 51  (관저동, 구봉마을)",사용중,(주)라디안,한국,HR-501-B
234,둔산크로바아파트,042-482-2194,"대전광역시 서구 둔산로 155 관리동 복도 (둔산동, 크로바아파트)","대전광역시 서구 둔산로 155  (둔산동, 크로바아파트)",사용중,(주)라디안,한국,HR-501-B
235,국화우성아파트,042-482-1529,"대전광역시 서구 둔산로 201 관리소 1층 (둔산동, 국화아파트)","대전광역시 서구 둔산로 201  (둔산동, 국화아파트)",사용중,(주)라디안,한국,HR-501-B
236,동산맨션 아파트,042-523-3703,"대전광역시 서구 갈마중로7번길 42 관리사무소 (갈마동, 동산맨션)","대전광역시 서구 갈마중로7번길 42  (갈마동, 동산맨션)",사용중,(주)라디안,한국,HR-501-B
237,맑은아침아파트,042-524-3210,"대전광역시 서구 갈마로 262 관리사무소 1층 (내동, 맑은아침 아파트)","대전광역시 서구 갈마로 262  (내동, 맑은아침 아파트)",사용중,(주)나눔테크,한국,HeartSaver NT-285
238,향촌현대아파트,042-485-4233,"대전광역시 서구 둔산로 15 관리동 1층 노인정 앞 (둔산동, 향촌아파트)","대전광역시 서구 둔산로 15  (둔산동, 향촌아파트)",사용중,(주)나눔테크,한국,Heart Keeper
239,대우 꿈나무아파트,042-488-0467,"대전광역시 서구 청사로 253 관리사무소 1층입구 (둔산동, 꿈나무아파트)","대전광역시 서구 청사로 253  (둔산동, 꿈나무아파트)",사용중,(주)라디안,한국,HR-501-B
240,국화동성아파트,042-482-2839,"대전광역시 서구 둔산로 201 관리사무소 1층 유리문 안쪽 (둔산동, 국화아파트)","대전광역시 서구 둔산로 201  (둔산동, 국화아파트)",사용중,(주)나눔테크,한국,HeartSaver-A
241,효성타운아파트,042-584-6375,대전광역시 서구 도마동 180-2 효성타운,"대전광역시 서구 도산로 11 (도마동, 효성타운)",사용중,(주)라디안,한국,HR-501
242,하나로아파트,042-486-0297,"대전광역시 서구 청사로 5 관리사무소내 (월평동, 하나로아파트)","대전광역시 서구 청사로 5  (월평동, 하나로아파트)",사용중,(주)라디안,한국,HR-501스탠드
243,샘머리아파트 1단지,042-489-2432,"대전광역시 서구 문예로 174 관리사무소 1층 (둔산동, 샘머리아파트)","대전광역시 서구 문예로 174  (둔산동, 샘머리아파트)",사용중,(주)라디안,한국,HR-501
244,수정타운아파트,042-484-0697,"대전광역시 서구 청사로 282 노인정 1층 현관입구 (둔산동, 수정타운)","대전광역시 서구 청사로 282  (둔산동, 수정타운)",사용중,(주)라디안,한국,HR-501
245,만년동 상록수아파트,042-485-8473,"대전광역시 서구 만년남로 8 103동 3,4C입구 우편함옆 (만년동, 상록수아파트)","대전광역시 서구 만년남로 8  (만년동, 상록수아파트)",사용중,(주)라디안,한국,HR-501-B
246,국화라이프아파트,042-482-0208,"대전광역시 서구 둔산로 201 관리동 1층 현관 (둔산동, 국화아파트)","대전광역시 서구 둔산로 201 관리동 (둔산동, 국화아파트)",사용중,(주)메디아나,한국,저출력심장출력기A10
247,초록마을 5단지아파트,042-582-4887,"대전광역시 서구 유등로17번길 109 관리사무동 1층 (복수동, 초록마을5단지)","대전광역시 서구 유등로17번길 109 관리사무동 1층 (복수동, 초록마을5단지)",사용중,(주)라디안,한국,HR-501-B
248,복수계룡아파트,042-581-6273,"대전광역시 서구 복수서로 10 통합경비실 (복수동, 계룡아파트)","대전광역시 서구 복수서로 10 통합경비실 (복수동, 계룡아파트)",사용중,(주)씨유메디칼,한국,i-PAD CU-SPI Plus
249,서구치매안심센터,042-288-4470,대전광역시 서구 둔산서로 100 서구체련관 3층 치매안심센터 (둔산동),대전광역시 서구 둔산서로 100 서구체련관 3층 (둔산동),사용중,(주)나눔테크,한국,NT-381.C
250,중부모터스(주)토요타 대전,042-631-3369,"대전광역시 서구 벌곡로 1358, 1층 (가수원동)",대전광역시 서구 벌곡로 1358 (가수원동),사용중,(주)라디안,한국,HR-501
251,대전선유초등학교,042-540-5119,"대전광역시 서구 관저남로 60, 대전선유초등학교 (관저동)","대전광역시 서구 관저남로 60, 대전선유초등학교 (관저동)",사용중,CU메디컬시스템,한국,CU-SP1 Plus
252,대전서부경찰서,042-600-3557,"대전광역시 서구 복수서로 47, 대전서부경찰서 1층 (복수동)","대전광역시 서구 복수서로 47, 대전서부경찰서 1층 (복수동)",사용중,라디안큐바이오,대한민구,자동심장충격기
253,대전서부경찰서,042-600-3557,"대전광역시 서구 복수서로 47, 대전서부경찰서 1층 (복수동)","대전광역시 서구 복수서로 47, 대전서부경찰서 1층 (복수동)",사용중,라디안큐바이오,대한민국,자동심장충격기
254,대전서부경찰서,042-600-3557,"대전광역시 서구 복수서로 47, 대전서부경찰서 1층 (복수동)","대전광역시 서구 복수서로 47, 대전서부경찰서 1층 (복수동)",사용중,(주)씨유메디칼시스템,한국,CU-SP1 Plus
255,유등노인복지관,042-528-0890,대전광역시 서구 도마동 413-3,"대전광역시 서구 도솔로 182, 2층 (도마동)",사용중,(주)씨유메디칼시스템,한국,CU-SP1 Plus
256,사단법인도마큰시장상인회,042-531-8889,대전광역시 서구 도마동 132-3 도마큰시장 고객센터,"대전광역시 서구 도마4길 69, 도마큰시장 고객센터 1층 (도마동)",사용중,(주)씨유메디칼시스템,한국,CU-SP1 Plus
257,한민시장상인회,042-522-9094,"대전광역시 서구 가장로 94, 1층 (괴정동)","대전광역시 서구 가장로 94, 1층 (괴정동)",사용중,(주)씨유메디칼시스템,한국,CU-SP1 Plus
258,대전광역시 서구건강체련관,042-488-3054,"대전광역시 서구 둔산서로 100, 서구청 1층 (둔산동)","대전광역시 서구 둔산서로 100, 서구청 1층 (둔산동)",사용중,(주)씨유메디칼시스템,한국,CU-SP1 Plus
259,둔산경찰서 갈마지구대,042-600-5302,"대전광역시 서구 신갈마로 211, 갈마지구대 1층 (갈마동)","대전광역시 서구 신갈마로 211, 갈마지구대 (갈마동)",사용중,(주)씨유메디칼시스템,한국,CU-SP1 plus
260,둔산가람아파트,042-482-0496,"대전광역시 서구 둔산북로 215 1층 노인정 (둔산동, 가람아파트)","대전광역시 서구 둔산북로 215 1층 노인정 (둔산동, 가람아파트)",사용중,(주)라디안,한국,HR-501-B
261,괴정동 한신아파트,042-535-0400,"대전광역시 서구 계룡로536번길 9 관리동 1층 출입구 우측 (괴정동, 한신아파트)","대전광역시 서구 계룡로536번길 9 관리동 1층 출입구 우측 (괴정동, 한신아파트)",사용중,(주)라디안,한국,HR-501-B
262,내동 롯데아파트,042-533-1423,"대전광역시 서구 신갈마로 46 관리동 2층 관리사무소 앞 (내동, 롯데아파트)","대전광역시 서구 신갈마로 46 관리동 2층 관리사무소 앞 (내동, 롯데아파트)",사용중,(주)라디안,한국,HR-501-B
263,은아아파트 5단지,042-541-8297,"대전광역시 서구 가수원로 5 503동 공동현관 입구 (가수원동, 은아아파트5단지)","대전광역시 서구 가수원로 5 은아아파트5단지 관리사무소 (가수원동, 은아아파트5단지)",사용중,라디안큐바이오,대한민국,HR-501
264,은아아파트 5단지,042-541-8297,"대전광역시 서구 가수원로 5 503동 공동현관 입구 (가수원동, 은아아파트5단지)","대전광역시 서구 가수원로 5 은아아파트5단지 관리사무소 (가수원동, 은아아파트5단지)",사용중,(주)라디안,한국,HR-501
265,가수원 계룡아파트,042-541-9376,"대전광역시 서구 가수원로 98 관리사무소 (가수원동, 계룡아파트)","대전광역시 서구 가수원로 98 관리사무소 (가수원동, 계룡아파트)",사용중,(주)라디안,한국,HR-501-B
266,도안14블록 한라비발디A 관리사무소,042-825-5788,"대전광역시 서구 도안북로 136 관리사무소 내부 (도안동, 한라비발디)","대전광역시 서구 도안북로 136 관리사무소 내부 (도안동, 한라비발디)",사용중,(주)라디안,한국,HR-501-B
267,경남아파트 2단지,042-524-8818,대전광역시 서구 도마동 211 경남아파트2단지,"대전광역시 서구 배재로 155-7 (도마동, 경남아파트2단지)",사용중,(주)메디아나,한국,저출력심장충격기 HeartOnA15-G4
268,공작한양아파트,042-482-6252,"대전광역시 서구 문정로 131 경로당 출입문 내부 (탄방동, 공작한양아파트)","대전광역시 서구 문정로 131 경로당 출입문 내부 (탄방동, 공작한양아파트)",사용중,(주)라디안,한국,저출력 심장 충격기
269,은하수아파트 관리사무소,042-485-9151,"대전광역시 서구 둔산남로 15 관리사무소 앞 (둔산동, 은하수아파트)","대전광역시 서구 둔산남로 15 관리사무소 앞 (둔산동, 은하수아파트)",사용중,(주)나눔테크,한국,NF1200
270,둔산청솔아파트,042-482-5085,"대전광역시 서구 둔산로 223 관리사무소 1층 입구 (둔산동, 청솔아파트)","대전광역시 서구 둔산로 223 관리사무소 1층 입구 (둔산동, 청솔아파트)",사용중,(주)라디안,한국,저출력심잗충격기 HR-501-B
271,초원아파트,042-485-6675,"대전광역시 서구 만년로 45 관리동 내부 (만년동, 초원아파트)","대전광역시 서구 만년로 45 관리동 내부 (만년동, 초원아파트)",사용중,(주)라디안,한국,HR-501B
272,늘푸른아파트,042-584-7947,"대전광역시 서구 정림로 11 경로당 현관 입구 (정림동, 늘푸른아파트)","대전광역시 서구 정림로 11 관리사무소 (정림동, 늘푸른아파트)",사용중,(주)씨유메디칼시스템,한국,I-PAD CU-SPi
273,초록마을 2단지아파트,042-585-2205,"대전광역시 서구 복수동로 21-20 관리동 1층 (복수동, 초록마을2단지)","대전광역시 서구 복수동로 21-20 관리동 1층 (복수동, 초록마을2단지)",사용중,라디안,한국,HR-501-B
274,도안13블럭 금성백조예미지 아파트,042-826-7030,"대전광역시 서구 도안북로 125 관리사무소 (도안동, 금성백조 예미지 아파트)","대전광역시 서구 도안북로 125 관리사무소 (도안동, 금성백조 예미지 아파트)",사용중,라디안,한국,HR-501-B
275,신선마을아파트,042-545-0053,"대전광역시 서구 관저로 83 관저동 (관저동, 신선마을아파트)","대전광역시 서구 관저로 83 관저동 (관저동, 신선마을아파트)",사용중,라디안,한국,HR-501-8
276,둔산목련아파트,042-484-0247,대전광역시 서구 둔산남로 127,대전광역시 서구 둔산남로 127,사용중,(주)나눔테크,대한민국,HeartPlus NT-180
277,은아1단지아파트,042-541-1381,대전광역시 서구 가수원로 72,대전광역시 서구 가수원로 72,사용중,(주)라디안,대한민국,HR-501-B
278,둥지아파트,042-488-0393,대전광역시 서구 청사로 254,대전광역시 서구 청사로 254,사용중,(주)나눔테크,대한민국,HeartPlus NT-180
279,다온숲3단지아파트,042-545-9676,대전광역시 서구 구봉산북로 165,대전광역시 서구 구봉산북로 165,사용중,(주)나눔테크,대한민국,NT-381
280,상아아파트,042-482-9190,대전광역시 서구 대덕대로 415,대전광역시 서구 대덕대로 415,사용중,라디안,대한민국,HR-501-B
281,도안18단지린풀하우스아파트,042-541-1500,대전광역시 서구 도안동로 77,대전광역시 서구 도안동로 77,사용중,라디안,한국,HR-501
282,도안18단지린풀하우스아파트,042-541-1500,대전광역시 서구 도안동로 77,대전광역시 서구 도안동로 77,사용중,(주)씨유메디칼,대한민국,CU-SP1
283,도안18단지린풀하우스아파트,042-541-1500,대전광역시 서구 도안동로 77,대전광역시 서구 도안동로 77,사용중,(주)씨유메디칼,대한민국,CU-SP1
284,무지개아파트,042-489-8199,대전광역시 서구 청사서로 11,대전광역시 서구 청사서로 11,사용중,(주)라디안,대한민국,HR-501-B
285,천년나무1단지아파트,042-542-0016,대전광역시 서구 구봉산북로 212,대전광역시 서구 구봉산북로 212,사용중,메디아나,한국,Heart On A15-G4
286,천년나무1단지아파트,042-542-0016,대전광역시 서구 구봉산북로 212,대전광역시 서구 구봉산북로 212,사용중,메디아나,한국,HeartOnA15-G4
287,천년나무1단지아파트,042-542-0016,대전광역시 서구 구봉산북로 212,대전광역시 서구 구봉산북로 212,사용중,(주)나눔테크,대한민국,저출력심장충격기
288,진달래아파트,042-485-7814,대전광역시 서구 월평동로 45,대전광역시 서구 월평동로 45,사용중,(주)라디안,대한민국,저출력심장충격기
289,한마루삼성아파트,042-482-6640,대전광역시 서구 둔산북로 160,대전광역시 서구 둔산북로 160,사용중,(주)라디안,대한민국,Heart Guard HR-501-8
290,강변아파트,042-484-8918,대전광역시 서구 만년로 25,대전광역시 서구 만년로 25,사용중,(주)라디안,대한민국,HR-5016
291,누리아파트,042-485-3697,대전광역시 서구 청사로 70,대전광역시 서구 청사로 70,사용중,(주)나눔테크,대한민국,HeartKeeper(NT-180)
292,한우리아파트,042-484-8576,대전광역시 서구 문정로90번길 60,대전광역시 서구 문정로90번길 60,사용중,(주)라디안,대한민국,HR-501-B
293,느리울마을12단지아파트,042-541-0660,대전광역시 서구 관저로 184,대전광역시 서구 관저로 184,사용중,(주)라디안,대한민국,저출력심장충격기
294,백합아파트,042-489-2642,대전광역시 서구 청사서로 41,대전광역시 서구 청사서로 41,사용중,(주)라디안,대한민국,HR-501-B
295,관저어반힐스아파트,042-545-9044,대전광역시 서구 관저남로 80,대전광역시 서구 관저남로 80,사용중,(주)라디안,대한민국,HR-501
296,대전둔산1,042-484-2592,대전광역시 서구 월평북로 11,대전광역시 서구 월평북로 11 대전둔산주공1단지 관리사무소,사용중,(주)나눔테크,한국,NT-381
297,대전둔산1,042-484-2592,대전광역시 서구 월평북로 11,대전광역시 서구 월평북로 11 대전둔산주공1단지 관리사무소,사용중,메디아나,한국,HeatOn A15-G4
298,대전둔산1,042-484-2592,대전광역시 서구 월평북로 11,대전광역시 서구 월평북로 11 대전둔산주공1단지 관리사무소,사용중,메디아나,한국,HeatOn A15-G4
299,산호한양아파트,042-485-1289,대전광역시 서구 계룡로571번길 65,대전광역시 서구 계룡로571번길 65,사용중,(주)라디안,대한민국,HR-501-B
300,무궁화아파트,042-485-6225,대전광역시 서구 청사서로 70,대전광역시 서구 청사서로 70,사용중,(주)라디안,대한민국,HR-501-B
301,다모아아파트,042-489-3407,대전광역시 서구 월평동로 83,대전광역시 서구 월평동로 83,사용중,(주)라디안,대한민국,HR-501B
302,느리울13단지아파트,042-543-0660,대전광역시 서구 관저동로 42,대전광역시 서구 관저동로 42,사용중,(주)메디아나,한국,Heart On A15-G4
303,느리울13단지아파트,042-543-0660,대전광역시 서구 관저동로 42,대전광역시 서구 관저동로 42,사용중,(주)메디아나,한국,Heart On A15-G4
304,느리울13단지아파트,042-543-0660,대전광역시 서구 관저동로 42,대전광역시 서구 관저동로 42,사용중,(주)나눔테크,대한민국,NT-381
305,강변들보람아파트,042-583-1188,대전광역시 서구 정림서로 162-18,대전광역시 서구 정림서로 162-18,사용중,(주)씨유메디칼시스템,한국,i-padNF1200
306,구봉마을8-2단지아파트,042-544-9082,대전광역시 서구 관저로 84,대전광역시 서구 관저로 84,사용중,나눔테크,대한민국,NT-381
307,구봉마을8-2단지아파트,042-544-9082,대전광역시 서구 관저로 84,대전광역시 서구 관저로 84,사용중,메디아나,한국,Heart On A15-G4
308,대전시립연정국악원,042-270-8542,대전광역시 서구 둔산대로 181,대전광역시 서구 둔산대로 181,사용중,HeartSine Technologies Ltd.,영국,Samaritan PAD AED
309,대전시립연정국악원,042-270-8542,대전광역시 서구 둔산대로 181,대전광역시 서구 둔산대로 181,사용중,HeartSine Technologies Ltd.,영국,Samaritan PAD AED
310,대전주공둔산3단지,042-484-1943,대전광역시 서구 월평북로 11,대전광역시 서구 월평북로 11,사용중,메다아나,한국,a15-g4
311,대전주공둔산3단지,042-484-1943,대전광역시 서구 월평북로 11,대전광역시 서구 월평북로 11,사용중,메디아나,한국,a15-g4
312,대전주공둔산3단지,042-484-1943,대전광역시 서구 월평북로 11,대전광역시 서구 월평북로 11,사용중,메다아나,한국,a15-g4
313,대전주공둔산3단지,042-484-1943,대전광역시 서구 월평북로 11,대전광역시 서구 월평북로 11,사용중,메디아나,한국,a15-g4
314,대전주공둔산3단지,042-484-1943,대전광역시 서구 월평북로 11,대전광역시 서구 월평북로 11,사용중,(주)나눔테크,한국,nt-381
315,관저리슈빌아파트관리사무소,042-544-0055,"대전광역시 서구 관저동로90번길 15 (관저동,관저리슈빌)","대전광역시 서구 관저동로90번길 15 (관저동,관저리슈빌)",사용중,주식회사 라디안,한국,HR-501-B
316,구봉마을8-1단지아파트,042-541-9081,대전광역시 서구 관저로 84,대전광역시 서구 관저로 84,사용중,(주)라디안,대한민국,HR-501
317,한아름아파트,042-487-2359,대전광역시 서구 청사서로 65,대전광역시 서구 청사서로 65,사용중,(주)라디안,대한민국,HR-501-B
318,대전둔원고등학교,042-530-3677,대전광역시 서구 대덕대로 101,대전광역시 서구 대덕대로 101,사용중,(주)씨유메디컬시스템,대한민국,NFK-200
319,한가람아파트,042-485-0230,대전광역시 서구 문예로 16,대전광역시 서구 문예로 16,사용중,(주)나눔테크,대한민국,NT-180
320,도안아이파크,042-545-9322,대전광역시 서구 도안동로 183,대전광역시 서구 도안동로 183,사용중,라디안큐바이오,대한민국,HR-501
321,국화신동아아파트관리사무소,042-482-9192,대전광역시 서구 둔산로 201,대전광역시 서구 둔산로 201,사용중,(주)씨유메디칼시스템,대한민국,NF1200
322,도안베르디움,042-542-0922,대전광역시 서구 원도안로 100,대전광역시 서구 원도안로 100,사용중,라디안,대한민국,HR501
323,구봉마을7단지아파트,042-544-9070,대전광역시 서구 관저로 48,대전광역시 서구 관저로 48,사용중,(주)라디안,한국,HR-501-B
324,느리울마을11단지아파트,042-544-3001,대전광역시 서구 관저동로90번길 47,대전광역시 서구 관저동로90번길 47,사용중,(주)나눔테크,한국,NT-285
325,보라2단지아파트,042-483-5593,대전광역시 서구 둔산로 241,대전광역시 서구 둔산로 241,사용중,(주)메디아나,대한민국,A10-G4
326,샘머리2단지아파트,042-489-2163,대전광역시 서구 청사로 281,대전광역시 서구 청사로 281,사용중,(주)라디안,대한민국,라디안 HR501
327,미즈여성병원,042-483-3575,대전광역시 서구 탄방동 673번지 주안빌딩,"대전광역시 서구 문정로2번길 95, 주안빌딩 (탄방동)",사용중,씨유메디칼,대한민국,CU-SP1+
328,성애노인요양원,042-545-9874,대전광역시 서구 구봉산북로94번길 130,대전광역시 서구 구봉산북로94번길 130,사용중,(주)메디아나,대한민국,HeartOn A10-G4
329,병무청,042-481-2833,대전광역시 서구 청사로 189 2동,대전광역시 서구 청사로 189 2동,사용중,주식회사나눔테크,한국,저출력심장충격기/NT-381
330,연광자립원,042-581-0083,대전광역시 서구 영골길 159,대전광역시 서구 영골길 159,사용중,Philips Medical Systems,미국,자동심실제세동기
331,동심원,042-581-2254,대전광역시 서구 영골길 159 동심원,대전광역시 서구 영골길 159 동심원,사용중,Philips Medical System,미국,저출력심장충격기HeartstartFR3ECG861389
332,대전금동초등학교,042-542-3331,대전광역시 서구 관저로 45,대전광역시 서구 관저로 45,사용중,주식회사라디안,대한민국,Heart Guardian HR-501
333,원앙마을4-1단지아파트,042-545-4243,대전광역시 서구 관저북로 14,대전광역시 서구 관저북로 14,사용중,(주)라디안,대한민국,"심장충격기,HR-501"
334,원앙마을4-1단지아파트,042-545-4243,대전광역시 서구 관저북로 14,대전광역시 서구 관저북로 14,사용중,(주)라디안,대한민국,"심장충격기,HR-501"
335,원앙마을4-1단지아파트,042-545-4243,대전광역시 서구 관저북로 14,대전광역시 서구 관저북로 14,사용중,(주)라디안,대한민국,"심장충격기,HR-501"
336,한국환경공단충청권지역본부,042-939-2208,대전광역시 서구 청사로 156,대전광역시 서구 청사로 156,사용중,(주)씨유메디칼시스템,한국,저출력심장충격기
337,월평종합사회복지관,042-484-6181,대전광역시 서구 월평북로 11 주공둔산3단지아파트 앞,대전광역시 서구 월평북로 11,사용중,(주)씨유메디칼시스템,한국,CU-SP1
338,정림종합사회복지관,042-584-4451,대전광역시 서구 계백로1286번길 86,대전광역시 서구 계백로1286번길 86,사용중,씨유메디칼시스템,한국,저출력심장충격기 CU-SP1
339,용문종합사회복지관,042-537-0615,대전광역시 서구 계룡로 626-1,대전광역시 서구 계룡로 626-1,사용중,씨유메디칼,한국,I-PAD CU-SP1
340,대전문정중학교,042-486-0822,대전광역시 서구 둔산북로 232-11,대전광역시 서구 둔산북로 232-11,사용중,(주)씨유메디칼시스템,gksrnr,I-PAD NK1200
341,대전삼천중학교,042-483-6734,대전광역시 서구 문정로 271,대전광역시 서구 문정로 271,사용중,(주)씨유메디칼시스템,한국,i-PAD CU-SP1
342,한밭종합사회복지관,042-484-5325,대전광역시 서구 월평북로 11 둔산주공아파트 1단지,대전광역시 서구 월평북로 11,사용중,(주)씨유메디칼시스템,한국,i-PAD CU-SP1
343,둔산종합사회복지관,042-482-2032,대전광역시 서구 둔산로 241,대전광역시 서구 둔산로 241,사용중,(주)씨유메디칼시스템,한국,저출력심장충격기 CU-SP1
344,대청병원,042-589-6872,대전광역시 서구 계백로 1322,대전광역시 서구 계백로 1322,사용중,메디아나,한국,HeartOn A15-G4
345,대청병원,042-589-6872,대전광역시 서구 계백로 1322,대전광역시 서구 계백로 1322,사용중,니혼코덴,일본,AED-2152L
346,관저종합사회복지관,042-545-6810,대전광역시 서구 구봉로 13,대전광역시 서구 구봉로 13,사용중,(주)씨유메디칼시스템,한국,i-PAD CU-SP1
347,대전광역시서구청,042-288-2292,대전광역시 서구 둔산서로 100,대전광역시 서구 둔산서로 100,사용중,(주)라디안,대한민국,HR-503
348,우명보건진료소,042-288-4661,대전광역시 서구 우명길 33-14,대전광역시 서구 우명길 33-14,사용중,메디아나,대한민국,HeartOnA15-G8
349,기성보건지소,042-288-4653,대전광역시 서구 벌곡로 658,대전광역시 서구 벌곡로 658,사용중,메디아나,대한민국,HeartOnA15-G8
350,관저보건지소,042-288-4622,대전광역시 서구 구봉산북로 300,대전광역시 서구 구봉산북로 300,사용중,메디아나,대한민국,HeartOnA15-G8
351,장태산관리사무소,042-270-7883,대전광역시 서구 장안로 461,대전광역시 서구 장안로 461,사용중,필립스,미국,861304 HeartStart FRx Defibrillator
352,삼성래미안아파트,042-523-5005,대전광역시 서구 가장로 106,대전광역시 서구 가장로 106,사용중,(주)나눔테크,한국,NT-285
353,삼성래미안아파트,042-523-5005,대전광역시 서구 가장로 106,대전광역시 서구 가장로 106,사용중,(주)나눔테크,한국,NT-285
354,구봉마을9단지아파트,042-545-0093,대전광역시 서구 관저서로 20,대전광역시 서구 관저서로 20,사용중,나눔테크,한국,HeartKeeper
355,갈마아파트,042-524-3540,대전광역시 서구 신갈마로 95,대전광역시 서구 신갈마로 95,사용중,kt링커스,한국,HeartPlus NT-180
356,수목토아파트,042-541-0151,대전광역시 서구 도안동로 177,대전광역시 서구 도안동로 177,사용중,나눔테크,대한민국,ReHeart NT-381.o
357,원앙마을2단지아파트,042-545-2118,대전광역시 서구 관저북로 80,대전광역시 서구 관저북로 80,사용중,라디안큐바이오,대한민국,HR-503-KT
358,원앙마을4-2단지아파트,042-545-1634,대전광역시 서구 관저북로 14,대전광역시 서구 관저북로 14,사용중,씨유메디칼,대한민국,CU-SP1 Plus
359,대자연마을아파트,042-543-3500,대전광역시 서구 관저북로 52,대전광역시 서구 관저북로 52,사용중,(주)씨유메디컬시스템,한국,NF1200
360,녹원아파트,042-485-4323,대전광역시 서구 둔산남로 30,대전광역시 서구 둔산남로 30,사용중,kt링커스,한국,HeartPlus NT-180
361,도안리슈빌아파트,042-542-0073,대전광역시 서구 도안동로 123,대전광역시 서구 도안동로 123,사용중,필립스,미국,HeartStart HS1
362,도안리슈빌아파트,042-542-0073,대전광역시 서구 도안동로 123,대전광역시 서구 도안동로 123,사용중,필립스,미국,HeartStart HS1
363,도안리슈빌아파트,042-542-0073,대전광역시 서구 도안동로 123,대전광역시 서구 도안동로 123,사용중,필립스,미국,HeartStart HS1
364,건양대학교병원,042-600-9119,대전광역시 서구 관저동로 158,대전광역시 서구 관저동로 158,사용중,필립스,미국,861304
365,건양대학교병원,042-600-9119,대전광역시 서구 관저동로 158,대전광역시 서구 관저동로 158,사용중,필립스,미국,861304
366,을지대학교병원,042-259-1118,대전광역시 서구 둔산서로 95,대전광역시 서구 둔산서로 95,사용중,(주)메디아나,한국,저출력심장충격기(HeartOn A10-G4)
367,대전시설관리공단,042-483-8603,대전광역시 서구 신갈마로230번길 77,대전광역시 서구 신갈마로230번길 77,사용중,(주)씨유메디칼시스템,한국,NF1200
368,대전광역시시설관리공단 정수원(화장장),042-610-2300,대전광역시 서구 계백로1249번길 174-82,대전광역시 서구 계백로1249번길 174-82,사용중,나눔테크,한국,NT-381.C
369,서구보건소,042-288-4500,대전광역시 서구 만년로 74,대전광역시 서구 만년로 74,사용중,(주)오텍,대한민국,Corplus3
370,서구보건소,042-288-4500,대전광역시 서구 만년로 74,대전광역시 서구 만년로 74,사용중,메디아나,대한민국,HeartOnA15-G8
371,서구보건소,042-288-4500,대전광역시 서구 만년로 74,대전광역시 서구 만년로 74,사용중,메디아나,대한민국,HeartOnA15-G8
372,대전광역시한밭수목원,042-270-8477,대전광역시 서구 둔산대로 169,대전광역시 서구 둔산대로 169,사용중,(주)나눔테크,대한민국,NT-381.C
373,대전시립미술관,042-270-7331,대전광역시 서구 둔산대로 155,대전광역시 서구 둔산대로 155,사용중,(주)씨유메디칼시스템,대한민국,CU-SPR
374,평송청소년문화센터,042-480-1640,대전광역시 서구 둔산대로 201,대전광역시 서구 둔산대로 201,사용중,주)메디아나,한국,HeartOn A10
375,대전예술의전당,042-270-8141,대전광역시 서구 둔산대로 135,대전광역시 서구 둔산대로 135,사용중,(주)씨유메디칼시스템,대한민국,CU-SP1
376,대전예술의전당,042-270-8141,대전광역시 서구 둔산대로 135,대전광역시 서구 둔산대로 135,사용중,(주)씨유메디칼시스템,대한민국,CU-SP1
377,관세청,042-481-7622,대전광역시 서구 청사로 189,대전광역시 서구 청사로 189,사용중,CU Medical System,대한민국,i-PAD NF1200
378,특허청,042-481-5013,대전광역시 서구 청사로 189,대전광역시 서구 청사로 189,사용중,philips,미국,HeartStart FRx Defibrillator
379,조달청,042-724-7024,대전광역시 서구 청사로 189 3동 조달청 1층 고객지원센터 (둔산동),대전광역시 서구 청사로 189,사용중,씨유메디칼시스템,한국,CU-SP1
380,대전광역시청,042-270-4042,대전광역시 서구 둔산동 1420 대전광역시청,"대전광역시 서구 둔산로 100, 대전광역시청 (둔산동)",사용중,씨유메디칼시스템,대한민국,CU-SPR
381,대전광역시청,042-270-4042,대전광역시 서구 둔산동 1420 대전광역시청,"대전광역시 서구 둔산로 100, 대전광역시청 (둔산동)",사용중,씨유메디칼시스템,대한민국,CU-SPR
382,대전광역시청,042-270-4042,대전광역시 서구 둔산동 1420 대전광역시청,"대전광역시 서구 둔산로 100, 대전광역시청 (둔산동)",사용중,(주)씨유메디칼시스템,대한민국,CU-SP1
383,대전광역시청,042-270-4042,대전광역시 서구 둔산동 1420 대전광역시청,"대전광역시 서구 둔산로 100, 대전광역시청 (둔산동)",사용중,(주)씨유메디칼시스템,대한민국,CU-SP1
384,대전광역시청,042-270-4042,대전광역시 서구 둔산동 1420 대전광역시청,"대전광역시 서구 둔산로 100, 대전광역시청 (둔산동)",사용중,(주)씨유메디칼시스템,대한민국,CU-SP1
385,산림청,042-481-4062,대전광역시 서구 청사로 189,대전광역시 서구 청사로 189,사용중,나눔테크,대한민국,NT-381C
386,대전광역시시설관리공단 기성종합복지관,042-610-9400,,대전광역시 서구 장안로 54,사용중,나눔테크,한국,NT-381.C
